title,opening_weekend,foreign_gross,release_date,posts_score,comments_score
Love Comes Lately,14610,49879,2008-06-13,80,771
Dead Man Down,5345250,7179244,2013-03-08,3645,9991
Pompeii,10340823,94611883,2014-02-21,392,1977
Sarkar Raj,642523,16713933,2008-06-06,0,0
21 and Over,8754168,22383292,2013-03-01,469,6895
From Paris with Love,8158860,28749167,2010-02-05,180,498
Kurbaan,403678,707343,2009-11-20,0,0
Paris 36,44690,11974783,2009-04-03,820,5850
The Amazing Spider-Man,62004688,495900000,2012-07-03,8985,102463
Tim Burton's The Nightmare Before Christmas in 3-D,143289,551741,2009-10-23,0,0
Cars 2,66135507,368400000,2011-06-24,3038,40692
Jennifer's Body,6868397,15351268,2009-09-18,293,3321
Me and Orson Welles,63638,1146169,2009-11-25,79,333
Doubt,507226,17460764,2008-12-12,15202,61799
Goodbye Solo,38042,71428,2009-03-27,64,253
Green Lantern,53174303,103250000,2011-06-17,6117,53690
The Invention of Lying,7027472,13955256,2009-10-02,2107,3882
The Thing,8493665,10500000,2011-10-14,6585,50271
The Guilt Trip,5290629,4729511,2012-12-19,149,533
Annabelle,37134255,171000000,2014-10-03,3896,17834
Lucy,43899340,332200000,2014-07-25,6382,43185
I.O.U.S.A.,61313,5753,2008-08-22,2191,3512
Endless Love,13307125,10639670,2014-02-14,3504,12120
Tokyo Sonata,28345,662074,2009-03-13,13,60
Jonah Hex,5379365,356195,2010-06-18,344,358
Chop Shop,8475,96182,2008-02-27,172,326
Seven Pounds,14851136,98216377,2008-12-19,36,329
Lymelife,27758,104938,2009-04-08,2,0
Scream 4,18692090,58957758,2011-04-15,265,2242
The Other End of the Line,59078,391942,2008-10-31,1111,5196
Hot Tub Time Machine 2,5963324,,2015-02-20,6789,39515
Strange Magic,5504441,,2015-01-23,190,728
Battle in Seattle,46903,684678,2008-09-19,14,63
Fantastic Mr. Fox,265900,25468104,2009-11-13,8061,14623
Frost/Nixon,180708,8804304,2008-12-05,77,737
Underworld Awakening,25306725,97791632,2012-01-20,1550,4202
Don Jon,8677009,5973052,2013-09-27,10475,94177
Kismat Konnection,282122,10529300,2008-07-18,0,0
The Pyramid,1369935,11109102,2014-12-05,771,4448
Case 39,5350570,14928128,2010-10-01,956,2206
Man on Wire,51392,2296327,2008-07-25,2113,6037
The Blind Side,34119372,53248834,2009-11-20,177,2461
Chocolate,11180,3164169,2009-02-06,11882,35149
Love Songs,20488,2862367,2008-03-21,776,15178
Rise of the Guardians,23773465,203528912,2012-11-21,532,1730
The Dictator,17435092,119729311,2012-05-16,11349,90891
Legion,17501625,27750578,2010-01-22,2022,63584
The Mortal Instruments: City of Bones,9336957,59400000,2013-08-21,557,1235
The Expendables 3,15879645,166850000,2014-08-15,13591,66566
Black or White,6213362,,2015-01-30,4348,26494
Religulous,3409643,627955,2008-10-01,9,42
Gone Girl,37513109,200294722,2014-10-03,16148,194742
In Search of a Midnight Kiss,13385,1121571,2008-08-01,457,1991
Percy Jackson & The Olympians: The Lightning Thief,31236067,137728906,2010-02-12,6,37
Addicted,7485346,,2014-10-10,1347,2583
Waltz with Bashir,50021,8842000,2008-12-25,359,950
Project X,21051363,48000000,2012-03-02,1475,4534
Abduction,10925253,54000000,2011-09-23,316,1335
"The Goods: Live Hard, Sell Hard",5642137,172234,2009-08-14,138,778
The Woman in Black 2: Angel of Death,15027415,,2015-01-02,240,1171
Capitalism: A Love Story,231964,3073112,2009-09-23,123,330
Angels & Demons,46204168,352554970,2009-05-15,502,3143
Cowboys & Aliens,36431290,74581774,2011-07-29,2002,4834
Adam,68377,272209,2009-07-29,23669,117464
Gravity,55785112,442300000,2013-10-04,13938,70964
Life of Pi,22451514,484029542,2012-11-21,9912,36636
Step Up 3-D,15812311,116891586,2010-08-06,2876,5979
Yella,7767,968941,2008-05-16,1086,1768
Blackhat,3901815,9863545,2015-01-16,9636,72911
Moms' Night Out,4311083,,2014-05-09,845,4810
Fraude,2369,1112302,2008-10-10,0,0
This Means War,17405930,101730488,2012-02-17,7720,34968
When Did You Last See Your Father,39210,1675198,2008-06-06,893,2247
CSNY: Deja Vu,33997,167235,2008-07-25,0,0
Delivery Man,7944977,20500000,2013-11-22,453,1761
Notorious,20497596,7528069,2009-01-16,2311,6072
Sex and the City 2,31001870,193000000,2010-05-27,3030,12727
Furry Vengeance,6627564,18606245,2010-04-30,3,35
Antarctica,798,,2008-08-29,503,813
The Other Guys,35543162,51212949,2010-08-06,9250,80823
Chimpanzee,10673748,5851000,2012-04-20,2942,7998
Invictus,8611147,84742607,2009-12-11,34,412
Alvin and the Chipmunks: Chipwrecked,23244744,209584693,2011-12-16,230,802
As It Is in Heaven,2402,18318233,2008-05-02,3108,18446
Son of Rambow,53789,9084744,2008-05-02,2,6
The Big Wedding,7591663,24700000,2013-04-26,1365,2458
The Unknown Woman,5701,6698739,2008-05-30,537,2395
Planes: Fire & Rescue,17509407,92000000,2014-07-18,10,108
Cadillac Records,3445559,684494,2008-12-05,1,50
Madagascar 3: Europe's Most Wanted,60316738,530529792,2012-06-08,1338,3950
"4 Months, 3 Weeks, 2 Days",51712,8642130,2008-01-25,993,5413
Hereafter,220322,72450694,2010-10-15,93,753
Planes,22232291,148970000,2013-08-09,14642,75625
Eden Lake,5824,3976676,2008-10-31,735,3110
Paranormal Activity 3,52568183,103011037,2011-10-21,848,2802
The Giver,12305016,21890082,2014-08-15,11504,36849
Step Up 2 the Streets,18908826,92798917,2008-02-14,1737,5800
Let's Be Cops,17813722,55223280,2014-08-13,1103,3254
Rush,187289,63300000,2013-09-20,14717,80640
Punisher: War Zone,4271451,2049059,2008-12-05,1135,2544
Friends with Benefits,18622150,93739491,2011-07-22,223,623
Extraordinary Measures,6012594,3065980,2010-01-22,22,182
Safe House,40172720,81702771,2012-02-10,1381,4028
The Boondock Saints II: All Saints Day,546687,356133,2009-10-30,194,314
The Promotion,30493,15321,2008-06-06,13232,52447
Yogi Bear,16411322,101338130,2010-12-17,430,2894
Inception,62785337,532956569,2010-07-16,18027,103261
Fireproof,6836036,16980,2008-09-26,18,24
For Greater Glory,1885608,3950000,2012-06-01,70,426
The Ugly Truth,27605576,116383693,2009-07-24,38,85
Son of God,25601865,8100000,2014-02-28,455,2548
Superhero Movie,9510297,45356283,2008-03-28,13374,142226
Frozen,243390,873481000,2013-11-22,17829,100664
The Art of Getting By,679160,,2011-06-17,230,2697
"McFarland, USA",11020798,,2015-02-20,14,48
Young People Fucking,3220,5100,2008-08-29,2147,21617
Lawless,10001982,16276453,2012-08-29,5753,17473
The September Issue,220633,2622233,2009-08-28,21,87
J. Edgar,11217324,47300000,2011-11-09,348,3509
Ashes of Time Redux,21372,1738217,2008-10-10,0,0
The Haunting in Connecticut,23004765,22138216,2009-03-27,95,1078
Instructions Not Included,7846426,54600000,2013-08-30,195,508
The Hobbit: An Unexpected Journey,84617303,714000000,2012-12-14,10988,45217
Fugitive Pieces,102212,208162,2008-05-02,1,0
Penelope,3802144,11144274,2008-02-29,1287,4043
The Expendables 2,28591370,220400000,2012-08-17,8670,22589
Still Life,12744,2427482,2008-01-18,3717,17769
The Uninvited,10325824,13027228,2009-01-30,227,777
The Possession,17732480,36315921,2012-08-31,2830,13503
The Lucky One,22518358,38900000,2012-04-20,3406,11022
P.K.,3565258,89754000,2014-12-19,9096,28279
The A-Team,25669455,100016697,2010-06-11,22175,286381
Nim's Island,13210579,52069580,2008-04-04,0,0
Thor,65723338,268295994,2011-05-06,19506,119689
The Secrets,19536,83632,2008-11-26,20279,136411
The Conjuring,41855326,180600000,2013-07-19,3446,19055
Winter's Tale,7297694,18200000,2014-02-14,235,837
Watchmen,55214334,77749184,2009-03-06,7550,36789
Snow White and the Huntsman,56217700,241260448,2012-06-01,3659,13129
Never Forever,6529,672744,2008-04-11,706,11893
Love Happens,8057010,13122918,2009-09-18,399,5727
To Save a Life,1581517,45815,2010-01-22,2314,19566
Mirrors,11161074,46797168,2008-08-15,7420,21987
Marmaduke,11599661,50117056,2010-06-04,85,486
Yuvvraaj,264362,4597862,2008-11-21,0,0
Amelia,3904047,5396598,2009-10-23,5159,261868
The Place Beyond the Pines,279457,14082089,2013-03-29,1365,5676
Lemon Tree,14602,6817816,2009-04-17,0,0
Hanna,12370549,23522959,2011-04-08,2113,23346
Skyfall,88364714,804200736,2012-11-09,17837,89792
Over Her Dead Body,4025115,13894441,2008-02-01,1565,3212
Non-Stop,28875635,130641000,2014-02-28,3298,17278
X-Men Origins: Wolverine,85058003,193179707,2009-05-01,794,5759
Elite Squad,3604,14058334,2008-09-19,6085,17575
The Wackness,138401,1098353,2008-07-03,59,169
The Crazies,16067552,15683234,2010-02-26,11295,37263
The Spy Next Door,9726056,20929457,2010-01-15,0,28
Moneyball,19501302,34600724,2011-09-23,4770,8622
Rogue,7711,4613118,2008-04-25,17487,151873
The Words,4750894,1736623,2012-09-07,15006,56207
Inglourious Basterds,38054676,200914970,2009-08-21,5293,15812
Did You Hear About the Morgans?,6616571,55700163,2009-12-18,5,2
College,2153109,1570847,2008-08-29,6649,12087
The Forbidden Kingdom,21401121,75904732,2008-04-18,73,573
After Earth,27520040,183321030,2013-05-31,5241,33829
The Cove,57640,305417,2009-07-31,218,512
Believe,2007567,,2013-12-25,14727,81884
The Brothers Bloom,90400,1999008,2009-05-15,1192,5793
Wall Street: Money Never Sleeps,19011188,82273405,2010-09-24,15,83
Everybody Wants to Be Italian,197861,181310,2008-09-05,0,0
Dinner for Schmucks,23527839,13829402,2010-07-30,230,4427
Before I Go To Sleep,1843347,11818000,2014-10-31,4000,22321
Admission,6154984,,2013-03-22,2380,5163
Parker,7008222,28600000,2013-01-25,4497,97480
Is Anybody There?,46209,1341544,2009-04-17,905,2394
The Boys Are Back,49342,2424953,2009-09-25,506,944
The Stoning of Soraya M.,115053,452839,2009-06-26,9,9
Krazzy 4,322426,6786866,2008-04-11,0,0
Rise of the Planet of the Apes,54806191,305040864,2011-08-05,3538,13094
Arbitrage,2002165,27565482,2012-09-14,98,124
The Day the Earth Stood Still,30480153,153726881,2008-12-12,1229,4198
Blindsight,5279,277078,2008-03-05,3,0
African Cats,6003200,15429000,2011-04-22,0,0
Dil Bole Hadippa!,351457,484165,2009-09-18,0,0
Puss in Boots,34077439,405726973,2011-10-28,142,483
Playing for Keeps,5750288,,2012-12-07,229,1016
More Than a Game,182943,9712,2009-10-02,1839,7042
Disgrace,12615,2052869,2009-09-18,42,332
The Raid 2,165292,,2014-03-28,5774,17526
Veronica Mars,1988351,163000,2014-03-14,3175,13644
Chapter 27,13910,131273,2008-03-28,12,147
Think Like a Man Too,29241911,4999246,2014-06-20,1677,10646
Not Forgotten,18468,88311,2009-05-15,510,7567
The Wolfman,31479235,77810085,2010-02-12,273,863
"Surfer, Dude",5971,,2008-09-05,3,32
Adventureland,5722039,1120352,2009-04-03,136,1237
Magic in the Moonlight,412095,21800000,2014-07-25,278,1615
Safe,7892539,23204106,2012-04-27,8876,60997
Ice Age: Dawn of the Dinosaurs,41690382,690113112,2009-07-01,5,14
Indiana Jones and the Kingdom of the Crystal Skull,100137835,469534914,2008-05-22,687,3853
Poisoned by Polonium: The Litvinenko File,2402,24387,2008-03-21,0,0
Beautiful Losers,10607,7678,2008-08-08,3349,19402
Nobel Son,333912,5200,2008-12-05,1,19
What's Your Rashee?,169005,57013,2009-09-25,0,0
The Counterfeiters,87514,13326143,2008-02-22,21,98
Elsa & Fred,10246,2796813,2008-06-27,0,0
R.I.P.D.,12691415,44705365,2013-07-19,8360,30851
The Taking of Pelham 1 2 3,23373102,84713814,2009-06-12,8,51
Hamlet 2,439925,39072,2008-08-22,146,495
City of Men,130579,2264601,2008-02-29,6556,21764
Remember Me,8089139,36964649,2010-03-12,6098,25738
The Haunting of Molly Hartley,5423315,1858937,2008-10-31,0,0
The Slammin' Salmon,26167,18834,2009-12-11,72,397
Secretariat,12694770,537416,2010-10-08,10,7
The Hurt Locker,145352,32212961,2009-06-26,5628,21078
The SpongeBob Movie: Sponge Out of Water,55365012,142300000,2015-02-06,7181,59491
127 Hours,264851,42403567,2010-11-05,2185,10596
Little Fockers,30833665,162211985,2010-12-22,653,3687
Chronicle,22004098,62060922,2012-02-03,5224,52555
The Gunman,5028702,,2015-03-20,328,1016
The Artist,204878,88761174,2011-11-25,21577,29329
Sabotage,5272444,7000000,2014-03-28,3790,3866
Welcome Home Roscoe Jenkins,16207730,1214268,2008-02-08,0,0
Roman Polanski: Wanted and Desired,4613,41266,2008-07-11,0,0
The Lion King,30151614,83400000,2011-09-16,16876,39189
Season of the Witch,10612375,66800000,2011-01-07,117,1021
I've Loved You So Long,72205,19102871,2008-10-24,632,3952
Aliens in the Attic,8008423,32680644,2009-07-31,44,1301
The Stepfather,11581586,2135970,2009-10-16,20,160
Paul Blart: Mall Cop,31832636,36956953,2009-01-16,253,1966
Ghosts of Girlfriends Past,15411434,46973243,2009-05-01,102,3980
Kit Kittredge: An American Girl,220297,,2008-06-20,0,0
Transformers: Dark of the Moon,97852865,771403536,2011-06-29,1228,2917
Gnomeo and Juliet,25356909,94000000,2011-02-11,52,77
Finding Nemo,16687773,31000000,2012-09-14,14159,60782
Epic,33531068,160907952,2013-05-24,16157,95799
The To-Do List,1579402,74556,2013-07-26,10889,48713
Mongol,135326,20821749,2008-06-06,54,443
Jack and Jill,25003575,75515631,2011-11-11,6402,33176
Halloween II,16349565,6028494,2009-08-28,1578,3073
Rio 2,39327869,368650000,2014-04-11,412,1295
Planet 51,12286129,63453042,2009-11-20,397,1000
De Dana Dan,577381,1040444,2009-11-27,14,45
Three Monkeys,3045,1898907,2009-03-27,171,785
The Muppets,29239026,76553000,2011-11-23,18926,31090
Noah,43720472,261437429,2014-03-28,15070,52159
Chef,204961,14543932,2014-05-09,2151,4640
The World's End,8811790,20084436,2013-08-23,16071,58030
The Messenger,44523,411601,2009-11-13,7384,11481
The Green Hornet,33526876,129037206,2011-01-14,884,6316
Splice,7385277,9847289,2010-06-04,224,1924
Nothing Like the Holidays,3531664,15754,2008-12-12,5,127
Bangkok Dangerous,7783266,27189257,2008-09-05,5,46
Monsters University,82429469,475066843,2013-06-21,13560,42114
Push,10079109,17047091,2009-02-06,15436,86233
My One and Only,58692,546734,2009-08-21,10109,50074
Pain and Gain,20244505,36300000,2013-04-26,4592,40011
Paa,199228,31194,2009-12-04,1,35
Escape From Planet Earth,15891055,17584666,2013-02-15,248,1128
Predators,24760882,75232420,2010-07-09,5945,15453
New in Town,6741530,12276534,2009-01-30,620,3585
The Amazing Truth About Queen Raquela,2700,1731,2008-09-26,0,0
Miss Conception,1342,226794,2008-06-06,0,290
Apollo 18,8704271,7875215,2011-09-02,211,796
For Colored Girls,19497324,17318,2010-11-05,37,295
The Kids Are All Right,491971,13894485,2010-07-09,219,2586
The Box,7571417,18281554,2009-11-06,25881,245337
Brighton Rock,10626,11484,2009-06-19,4,22
Tout est Parfait,99604,36791,2008-02-15,10,13
"Men, Women & Children",48024,1534627,2014-10-01,3449,55677
Evangelion 1.0 You Are,1579,116042,2009-07-03,7,2
The Back-Up Plan,12201710,39987001,2010-04-23,2278,26276
Still Alice,197000,9843721,2015-01-16,6077,153495
The Hangover Part II,85946294,332300000,2011-05-26,477,1132
U Me Aur Hum,642923,9919828,2008-04-11,0,0
Rab Ne Bana Di Jodi,920995,27835513,2008-12-12,0,0
Wrath of the Titans,33457188,221600000,2012-03-30,81,415
In the Name of the King: A Dungeon Siege Tale,2984524,8322259,2008-01-11,0,58
The Happening,30517109,98896925,2008-06-13,14701,63955
3 Idiots,1645502,4208189,2009-12-23,4784,16603
Red State,204230,,2011-03-05,2339,5047
Judy Moody and the NOT Bummer Summer,6076859,,2011-06-10,0,0
Hall Pass,13535374,38100000,2011-02-25,163,483
Tyler Perry's Good Deeds,15583924,553000,2012-02-24,0,48
Unfinished Business,4772613,3400000,2015-03-06,426,3623
X-Men: First Class,55101604,207215819,2011-06-03,5684,74802
Legends of Oz: Dorothy's Return,3747780,10200000,2014-05-09,430,669
Flawless,181910,5619353,2008-03-28,382,9373
Blue Jasmine,612064,64100000,2013-07-26,3367,69298
Fright Night,7714388,22700000,2011-08-19,262,873
Dhoondte Reh Jaoge,5126,2155968,2009-03-06,0,0
Marvel's The Avengers,207438708,895237000,2012-05-04,19168,254116
New Year's Eve,13019180,87500000,2011-12-09,741,2391
Tusk,846831,,2014-09-19,15025,106303
Management,375916,1467085,2009-05-15,2083,19774
Oculus,12005402,16335000,2014-04-11,763,3596
Resident Evil: Afterlife,26650264,236093097,2010-09-10,118,476
Dragonball Evolution,4756488,48134914,2009-04-10,45,426
Inside Llewyn Davis,405411,19700000,2013-12-06,6821,33853
Hotel for Dogs,17012212,43965738,2009-01-16,6001,32192
Sex and Death 101,13516,1205706,2008-04-04,3,70
CJ7,49770,47094093,2008-03-07,43,90
Ouija,19875995,48972259,2014-10-24,586,2441
Runner Runner,7706712,43358449,2013-10-04,15703,35116
Crossing Over,77370,3074215,2009-02-27,48,393
The Ruins,8003421,5295199,2008-04-04,11303,48670
Devil's Due,8308220,20612514,2014-01-17,158,358
Arthur,12222756,12700000,2011-04-08,9067,59175
Bachna Ae Haseeno,322431,10684264,2008-08-15,0,0
Furious 7,147187040,548000000,2015-04-03,22686,203915
Flight,24900566,68000000,2012-11-02,6277,23634
Blind Mountain,3676,23451,2008-03-12,15,316
Kick-Ass,19828687,48117600,2010-04-16,13868,69537
The Other Man,51909,994328,2009-09-11,4694,18325
22 Jump Street,57071445,139614539,2014-06-13,15638,89764
Joyful Noise,11225190,226000,2012-01-13,1324,3692
Grown Ups 2,41508572,113315753,2013-07-12,4675,24953
Lost in Beijing,4337,1339804,2008-01-25,0,0
Mama,28402310,74800000,2013-01-18,1909,9826
Twilight,69637740,199846771,2008-11-21,2561,7045
Big Hero 6,56215889,429600000,2014-11-07,17027,188778
Fighting,11024370,9383110,2009-04-24,8779,85341
Drive,11340461,41114477,2011-09-16,8414,22218
Flame & Citron,15254,10037995,2009-07-31,20,97
Anamorph,3120,667889,2008-04-18,0,0
Defamation,4725,5271,2009-11-20,141,599
2 Guns,27059130,56327951,2013-08-02,5870,29461
Nick and Norah's Infinite Playlist,11311751,2018844,2008-10-03,108,848
RockNRolla,144701,20038389,2008-10-08,1208,7239
Heaven is for Real,22522221,9889709,2014-04-16,106,720
Drag Me to Hell,15825480,48742021,2009-05-29,716,4773
Times and Winds,1338,381220,2008-01-11,2120,9626
MIB 3,54592779,445005922,2012-05-25,1097,3587
Ek Vivah Aisa Bhi,6437,1450449,2008-11-07,0,0
The Spiderwick Chronicles,19004058,91644614,2008-02-14,1,1
Redbelt,63361,328149,2008-05-02,155,421
"Definitely, Maybe",9764270,23206319,2008-02-14,654,3935
Beasts of the Southern Wild,169702,8312000,2012-06-27,2101,53770
Speed Racer,18561337,50000000,2008-05-09,1047,6271
Tyler Perry's The Family That Preys,17381218,,2008-09-12,1,12
Boyhood,387618,19143000,2014-07-11,9374,157765
Summer Hours,49484,6002257,2009-05-15,172,580
Tammy,21577049,15850000,2014-07-02,753,8235
No Strings Attached,19652921,78565857,2011-01-21,76,424
Burma VJ,5554,71805,2009-05-20,5,2
Obsessed,28612730,5568696,2009-04-24,2485,9039
My Fuhrer,1197,7693278,2009-08-14,6,38
Tashan,301226,10825957,2008-04-25,0,0
Knight & Day,20139985,185507401,2010-06-23,7422,22510
Bustin' Down the Door,17317,78400,2008-07-25,0,0
Righteous Kill,16288361,38379289,2008-09-12,258,1774
Baggage Claim,9031102,887000,2013-09-27,151,487
Carriers,76857,5698070,2009-09-04,241,2851
Ghajini,766859,35885937,2008-12-24,36,149
Wanted,50927085,206924701,2008-06-27,24403,122192
The Lazarus Effect,10203437,1369337,2015-02-27,157,1384
Ghost Town,5012315,13706868,2008-09-19,1081,57175
Easy A,17734040,16550841,2010-09-17,5061,46539
The Wrestler,202714,18465752,2008-12-17,7810,27451
Courageous,9112839,,2011-09-30,1675,9363
Let the Right One In,49295,9105271,2008-10-24,10687,27268
Escape Plan,9885732,112192336,2013-10-18,9325,118987
Surfwise,10304,24242,2008-05-09,2,5
A Haunted House,18101682,20100000,2013-01-11,506,1192
Outlander,59581,6867680,2009-01-23,77,699
The Boy in the Striped Pajamas,253085,31370407,2008-11-07,1141,3454
Sukiyaki Western Django,9856,2674599,2008-08-29,32,114
Star Trek Into Darkness,70165559,238602923,2013-05-16,18329,76484
A Most Violent Year,172788,,2014-12-31,1039,16558
The American,13177790,32269905,2010-09-01,8376,76833
The Ghost Writer,183009,44680749,2010-02-19,614,3660
"Tinker, Tailor, Soldier, Spy",310562,56481215,2011-12-09,2385,11139
Sleepwalking,47762,38603,2008-03-14,126,868
It Might Get Loud,92679,286081,2009-08-14,568,969
Jellyfish,25352,569093,2008-04-04,84,536
The Lincoln Lawyer,13206453,17000000,2011-03-18,670,1943
In Bruges,459575,25593616,2008-02-08,4232,13048
The Best Man Holiday,30107555,1100000,2013-11-15,5405,18840
The Other Boleyn Girl,8203061,50898909,2008-02-29,57,284
Oblivion,37054485,197061337,2013-04-19,3705,15586
The Last Song,16007426,26091272,2010-03-31,668,5909
My Father My Lord,24096,367858,2008-05-16,4684,15834
John Carter,30180188,211061000,2012-03-09,4336,10005
The Bourne Legacy,38142825,162940880,2012-08-10,1715,5878
Deception,2312146,13142792,2008-04-25,360,2433
Sleep Dealer,35050,27423,2009-04-17,8,0
The Hottie & the Nottie,27696,1568536,2008-02-08,63,1401
About Last Night,25649011,365000,2014-02-14,9127,41552
The Hunger Games,152535747,283237076,2012-03-23,14737,123284
27 Dresses,23007725,83450665,2008-01-18,75,687
Edge of Tomorrow,28760246,269000000,2014-06-06,15850,83664
Killers,15837266,51100000,2010-06-04,14616,42381
Eat Pray Love,23104523,124020006,2010-08-13,179,1916
Babylon A.D.,9484627,49576036,2008-08-29,2162,2308
A Secret,37135,15808353,2008-09-05,20288,136411
Soul Men,5401605,249246,2008-11-07,152,1008
The Family,14034764,41500000,2013-09-13,19195,141739
Call of the Wild 3D,10713,241528,2009-06-12,0,20
Tyler Perry Presents Peeples,4611534,130000,2013-05-10,112,384
Chasing Mavericks,2268274,630,2012-10-26,6,11
End of Watch,13152683,7123013,2012-09-21,2903,15629
Never Back Down,8603195,16776509,2008-03-14,577,14056
Cloudy with a Chance of Meatballs,30304648,118135851,2009-09-18,872,1900
Man on a Ledge,8001932,27601189,2012-01-27,1955,4431
New York,467694,938383,2009-06-26,16650,70532
Fury,23702421,126000000,2014-10-17,28950,179338
Kevin Hart: Let Me Explain,10030463,74000,2013-07-03,114,185
Paranormal Activity 2,40678424,92759125,2010-10-22,154,2253
Raiders of the Lost Ark,1673731,,2012-09-07,16967,49039
Chappie,13346782,49100000,2015-03-06,19612,69065
The Fighter,300010,35573860,2010-12-10,2922,31333
Dylan Dog: Dead of Night,754779,3447524,2011-04-29,126,2850
Street Kings,12469631,39154220,2008-04-11,203,2303
Vampires Suck,12202831,43886362,2010-08-18,376,1748
Mad Money,7736452,5743320,2008-01-18,396,4695
The Amazing Spider-Man 2,91608337,506128390,2014-05-02,16225,146393
Smart People,4092465,2332315,2008-04-11,327,2517
Django Unchained,30122888,262562804,2012-12-25,21267,114639
21 Jump Street,36302612,63137661,2012-03-16,4132,17348
Super 8,35451168,133091807,2011-06-10,2043,6654
Real Steel,27319677,213800000,2011-10-07,3241,16708
Love Aaj Kal,1241762,18364902,2009-07-31,0,3
Ballerina,2656,16953,2009-01-16,70,409
No Impact Man,15215,16321,2009-09-11,3915,11391
The Adjustment Bureau,21157730,65373734,2011-03-04,471,3458
Diary of a Wimpy Kid: Rodrick Rules,23751502,19718859,2011-03-25,62,240
Jupiter Ascending,18372372,134500000,2015-02-06,3793,20597
Rudo Y Cursi,211460,9341572,2009-05-08,1,31
Black Swan,1443809,222443368,2010-12-03,2723,7290
"Synecdoche, New York",172194,1310143,2008-10-24,898,7858
House at the End of The Street,12287234,7850222,2012-09-21,22,36
Black Dynamite,131862,53979,2009-10-16,4644,11911
The Call,17118745,16700000,2013-03-15,27387,165149
Godzilla,93188384,328000000,2014-05-16,14806,198739
Paranormal Activity,77873,85436990,2009-09-25,1001,8653
Diary of a Wimpy Kid: Dog Days,14623599,28103514,2012-08-03,3,10
Dawn of the Planet of the Apes,72611427,500290000,2014-07-11,24156,118151
Surveillance,4590,1088144,2009-06-26,1616,11417
Extract,4340108,25625,2009-09-04,640,11924
London to Brighton,6700,442981,2008-02-08,14,3
Insidious,13271464,43000000,2011-04-01,1147,3406
Miss Pettigrew Lives for a Day,2490942,4411239,2008-03-07,0,0
The LEGO Movie,69050279,211000000,2014-02-07,24524,137254
All the Best,96054,29094,2009-10-16,8389,27637
Identity Thief,34551025,39458090,2013-02-08,126,1190
To the Limit,1483,1891314,2008-06-13,1139,27030
Spring Breakers,263002,17600000,2013-03-15,7902,53533
The Wedding Ringer,20649306,11000000,2015-01-16,127,419
Two Lovers,94986,13154609,2009-02-13,812,1291
The Tale of Despereaux,10103675,36070820,2008-12-19,4,24
Takers,20512304,11310975,2010-08-27,545,3632
Hope Springs,14650121,50745040,2012-08-08,519,830
Step Up All In,6469857,71261262,2014-08-08,91,426
La Danse: Le Ballet de L'Opera de Paris,14000,540953,2009-11-04,0,0
Talento de Barrio,36118,1581656,2008-10-10,0,0
Genghis Kahn: To the Ends of the Earth and Sea,3332,11163609,2008-02-21,0,0
The Book of Eli,32789494,62272696,2010-01-15,728,10223
Side Effects,9303145,31200000,2013-02-08,2125,9335
Swing Vote,6230669,1344446,2008-08-01,26,85
The Unborn,19810585,33843640,2009-01-09,327,461
Jack Reacher,15210156,138269859,2012-12-21,5473,22641
Into the Woods,31051923,76300000,2014-12-25,7113,131154
Dr. Seuss' Horton Hears a Who!,45012998,142608575,2008-03-14,0,0
Pulling Strings,2467168,2048517,2013-10-04,187,680
Red Dawn,14276668,,2012-11-21,1971,5824
Fired Up,5483778,1367811,2009-02-20,85,365
Avatar: Special Edition,4007750,22469358,2010-08-27,14,36
Cold Souls,63302,224944,2009-08-07,194,671
The White Ribbon,59848,17096582,2009-12-30,568,2616
Olympus Has Fallen,30373794,62100000,2013-03-22,4904,7805
No Regret,4181,289756,2008-07-25,4107,28262
Titanic 3D,17285453,285666656,2012-04-04,449,931
Warm Bodies,20353967,50600000,2013-02-01,3001,7629
Yes Man,18262471,125550661,2008-12-19,5386,14892
Billu,512124,7279869,2009-02-13,0,0
"Precious: Based on the Novel ""Push"" by Sapphire",1872458,16081309,2009-11-06,0,6
Elegy,104168,11312705,2008-08-08,2,0
Paper Heart,219494,22909,2009-08-07,571,2669
A Girl Cut in Two,18658,8078879,2008-08-15,685,4121
Fast Five,86198765,416300000,2011-04-29,1614,8015
Happy Feet Two,21237068,86400000,2011-11-18,108,498
Michael Jackson's This Is It,23234394,189092572,2009-10-28,773,3241
Bandslam,2231273,7014035,2009-08-14,1,8
Iron Man 3,174144585,806426000,2013-05-03,6319,66259
The Time Traveler's Wife,18623171,37929566,2009-08-14,713,3823
Argo,19458109,96300000,2012-10-12,6813,21594
Whiteout,4915104,7565229,2009-09-11,32,51
Love and Other Drugs,9739161,70453003,2010-11-24,254,1283
Battle: Los Angeles,35573187,128266925,2011-03-11,490,4045
Tyler Perry's A Madea Christmas,16007634,853000,2013-12-13,14,1681
August: Osage County,179302,36450127,2013-12-27,2284,50599
How About You,6022,675950,2008-11-14,10385,75705
Daybreakers,15146692,21314887,2010-01-08,91,1318
Hannah Montana/Miley Cyrus: Best of Both Worlds Concert Tour,31117834,5360255,2008-02-01,0,0
Meet Bill,35201,283995,2008-04-04,41,232
Gone,4770360,6417984,2012-02-24,15882,138559
The Girl with the Dragon Tattoo,12768604,130101637,2011-12-21,11745,40384
Conan the Barbarian,10021215,27500000,2011-08-19,3210,3947
Jerichow,8042,845221,2009-05-15,0,0
Jumping the Broom,15215487,415216,2011-05-06,4,28
"Monsters, Inc.",4774686,3400000,2012-12-19,12301,51745
Wonderful Town,1154,272746,2008-07-18,155,1527
An Education,159017,13521938,2009-10-09,9173,38246
Big Eyes,3001738,12747413,2014-12-25,2829,19659
Whatever Works,266162,29791109,2009-06-19,853,4223
The Internship,17325307,48820080,2013-06-07,2743,9980
Hansel and Gretel: Witch Hunters,19690956,170646274,2013-01-25,3813,12771
Before I Forget,9676,93256,2008-07-18,163,1267
Lorna's Silence,34411,4784881,2009-07-31,0,0
Taken 3,39201657,236515000,2015-01-09,13318,107445
Shall We Kiss?,28680,2400938,2009-03-27,0,0
Moon,136046,4749941,2009-06-12,13253,17777
Toy Story / Toy Story 2,12491789,1582154,2009-10-02,9569,44135
Repo Men,6126170,4615056,2010-03-19,109,1113
Senna,73497,6600000,2011-08-12,702,973
Ong Bak 2: The Beginning,26564,8834205,2009-10-23,0,4
Fifty Shades of Grey,85171450,400600000,2015-02-13,11322,52654
Leatherheads,12682595,9925554,2008-04-04,0,3
Danny Collins,72459,,2015-03-20,34,66
Robin Hood,36063385,216400011,2010-05-14,7162,25945
The Escapist,3075,374735,2009-04-03,127,1049
A Very Harold & Kumar 3D Christmas,12954142,326181,2011-11-04,37,87
Stranded: I Have Come from a Plane That Crashed on the Mountains,3077,103213,2008-10-22,0,0
Insidious Chapter 2,40272103,78332871,2013-09-13,439,849
Mission: Impossible - Ghost Protocol,12785204,485315477,2011-12-16,1214,2267
The Raid: Redemption,213785,,2012-03-23,791,3472
47 Ronin,9910310,112600000,2013-12-25,9865,89813
The Grand Budapest Hotel,811166,115500000,2014-03-07,29494,57813
Teenage Mutant Ninja Turtles,65575105,293800000,2014-08-08,16217,126528
Little Ashes,73394,285981,2009-05-08,2741,10618
Trouble with the Curve,12162040,13200000,2012-09-21,50,368
Bears,4776267,300000,2014-04-18,9982,30858
Something Borrowed,13945368,21137332,2011-05-06,57,638
Tron Legacy,44026211,228000000,2010-12-17,8616,22323
Flash Point,3271,6172574,2008-03-14,49,261
Lee Daniels' The Butler,24637312,59966813,2013-08-16,373,1069
The Soloist,9716458,6612836,2009-04-24,12,35
Serious Moonlight,11636,313675,2009-12-04,0,0
Battle of the Year,4603177,7661122,2013-09-20,3787,7638
Baby Mama,17407110,3669436,2008-04-25,378,4483
Seeking a Friend for the End of the World,3822803,2557551,2012-06-22,219,2094
Departures,74945,68434177,2009-05-29,4414,10450
The Edge of Heaven,14257,17062216,2008-05-21,118,903
Oz The Great and Powerful,79110453,258400000,2013-03-08,2821,8088
Get On Up,13585915,1208498,2014-08-01,8342,38615
Water Lilies,7418,463708,2008-04-04,157,204
And So It Goes,4642329,10151586,2014-07-25,3508,17788
Red,3176,6088,2008-08-08,23153,159630
2012,65237614,603567306,2009-11-13,5139,39750
Saw 3D,22530123,90440256,2010-10-29,5503,21464
Unbroken,30621445,45821402,2014-12-25,967,3978
"Food, Inc.",60513,188525,2009-06-12,89,476
Shrooms,1849,4951758,2008-02-08,1037,2931
Tell No One,169707,27229800,2008-07-02,808,3887
Gamer,9156057,20293633,2009-09-04,473,2388
Harry Potter and the Deathly Hallows Part 2,169189427,960500000,2011-07-15,3214,4929
Anchorman 2: The Legend Continues,26232425,46296308,2013-12-18,3266,22325
The Fault in our Stars,48002523,182366663,2014-06-06,2961,13199
Muppets Most Wanted,17005126,29200000,2014-03-21,4846,6018
Rango,38079323,122246996,2011-03-04,2279,12035
Resident Evil: Retribution,21052227,197813724,2012-09-14,105,335
Crazy Heart,82664,7941260,2009-12-16,39,432
Pirate Radio,2904380,28330867,2009-11-13,148,1823
Beauty and the Beast,17751905,14410056,2012-01-13,15221,103357
Astro Boy,6702923,20335919,2009-10-23,68,116
Homefront,6915241,22900000,2013-11-27,510,1726
Vantage Point,22874936,78895185,2008-02-22,3489,11071
Jaane Tu Ya Jaane Na,205203,19248749,2008-07-04,1,15
Katy Perry: Part of Me,7138266,7400885,2012-07-05,66,360
Quantum of Solace,67528882,417722300,2008-11-14,3433,14081
The Spirit,6463278,19225149,2008-12-25,10978,27715
Spread,122948,11782365,2009-08-14,2890,13771
The Signal,144836,150312,2008-02-22,3035,8036
The Collector,3576296,1731904,2009-07-31,3190,115219
Red Cliff,13104,1918865,2009-11-18,112,977
Paranoia,3528376,6400000,2013-08-16,842,3947
In the Loop,191866,5398683,2009-07-24,4168,14121
Dear John,30468614,34962262,2010-02-05,216,1550
Deal,35281,17105,2008-04-25,12178,73150
The Eagle,8684464,7631999,2011-02-11,3267,12721
From Mexico with Love,334340,708,2009-10-09,706,1897
Legend of the Guardians: The Owls of Ga'Hoole,16112211,84398077,2010-09-24,200,304
The Hangover Part III,41671198,249800000,2013-05-23,5336,19049
The Grandmaster,132617,57481777,2013-08-23,1290,2093
The Pirates Who Don't Do Anything,4251320,173822,2008-01-11,11,21
Paranormal Activity: The Marked Ones,18343611,58442482,2014-01-03,131,630
The Last Exorcism,20366613,26703740,2010-08-27,45,1775
Strange Wilderness,3001719,389452,2008-02-01,31,171
Les Miserables,27281735,293000000,2012-12-25,9221,76081
The Rum Diary,5135369,10837729,2011-10-28,2078,6453
The Year My Parents Went on Vacation,80655,2409675,2008-02-15,4,4
Fanboys,171533,272299,2009-02-06,2341,18545
True Grit,24830443,81033922,2010-12-22,6045,12011
The Hobbit: The Desolation of Smaug,73645197,702000000,2013-12-13,25788,129761
Julie & Julia,20027956,35415073,2009-08-07,368,1599
Begin Again,134064,47294229,2014-06-27,1593,6929
21,24105943,76767975,2008-03-28,16316,69539
Still Walking,20298,3091257,2009-08-28,155,1747
Tulpan,8620,1007603,2009-04-01,0,0
Coco Before Chanel,406768,44699100,2009-09-25,24,119
Cassandra's Dream,361901,21685514,2008-01-18,10,138
Body of Lies,12884416,75702620,2008-10-10,167,2824
Nightcrawler,10441000,6316000,2014-10-31,7462,33708
The Admiral: Roaring Currents,51431,109567000,2014-08-08,8,11
The Iron Lady,220409,84938707,2011-12-30,79,228
Shrink,16443,113810,2009-07-24,409,1828
The Great Buck Howard,115004,150102,2009-03-20,0,0
The Final Destination,27408309,119689439,2009-08-28,391,6081
The Skeptic,1553,99457,2009-05-01,283,1965
,834501,28331360,2009-07-17,31206,150333
Earth,8825760,76963584,2009-04-22,4165,31620
Harry Potter and the Half-Blood Prince,77835727,632457290,2009-07-15,2825,9315
The Secret World of Arrietty,6446395,126368084,2012-02-17,204,607
Flashbacks of a Fool,1020,1113609,2008-10-17,0,1
Last Vegas,16334566,70488283,2013-11-01,104,270
Contre-Enquete,6182,8017499,2008-02-29,0,0
Morning Glory,9203266,29029244,2010-11-10,350,1101
Max Payne,17639849,44727512,2008-10-17,1797,2470
Midnight Meat Train,34394,3449866,2008-08-01,190,222
Tyler Perry's Meet the Browns,20082809,,2008-03-21,14,45
The Twilight Saga: New Moon,142839137,413203828,2009-11-20,166,254
Quartet,47122,41130181,2013-01-11,2257,111025
Roman de Gare,25484,2988368,2008-04-25,0,0
Good Hair,1039220,5912,2009-10-09,319,844
The Secret of Kells,39826,62679,2010-03-05,1695,1012
The King's Speech,355450,275414100,2010-11-26,7445,28005
The Company You Keep,131718,14500000,2013-04-05,1646,1755
Terminator Salvation,42558390,246030532,2009-05-21,3177,10778
The Curious Case of Benjamin Button,26853816,206422757,2008-12-25,222,2029
G-Force,31706934,173381071,2009-07-24,285,706
Quarantine,14211321,9628095,2008-10-10,254,5042
The Impossible,143818,161254241,2012-12-21,17747,107214
Death Defying Acts,3561,8374664,2008-07-11,0,0
Cloud Atlas,9612247,103374596,2012-10-26,11221,34114
Tyler Perry's Madea's Witness Protection,25390575,1246000,2012-06-29,0,0
Young@Heart,50937,3104813,2008-04-09,128,814
Star Wars: Episode I - The Phantom Menace,22469932,59283211,2012-02-10,447,1258
Morning Light,129295,279,2008-10-17,5311,14095
Up,68108790,438338580,2009-05-29,4754,25230
Snitch,13167607,,2013-02-22,452,1491
The DUFF,10809149,,2015-02-20,262,1605
The Longshots,4080687,230820,2008-08-22,72,852
Pathology,54244,3124860,2008-04-18,9,51
Charlie St. Cloud,12381585,17028159,2010-07-30,1,6
Fly Me to the Moon,1900523,27904432,2008-08-15,511,4870
Exodus: Gods and Kings,24115934,203017315,2014-12-12,2859,15974
12 Years a Slave,923715,131061209,2013-10-18,17341,82799
Dracula Untold,23514615,159248846,2014-10-10,6266,22976
Broken City,8268908,,2013-01-18,135,997
Ice Age: Continental Drift,46629259,715922939,2012-07-13,1331,3720
American Teen,45589,187829,2008-07-25,153,1618
The Maze Runner,32512804,238322778,2014-09-19,1888,13115
Splinter,9517,464777,2008-10-31,1956,15311
Draft Day,9783603,619809,2014-04-11,211,545
Alvin and the Chipmunks: The Squeakquel,48875415,223525393,2009-12-23,14,89
The Fifth Estate,1673351,5300000,2013-10-18,4957,22108
About Time,1076250,71777528,2013-11-01,6674,19548
The November Man,7911597,7538000,2014-08-27,1004,2795
Prince of Persia: The Sands of Time,30095259,245606000,2010-05-28,358,1811
The World Unseen,9031,5293,2008-11-07,123,498
"I, Frankenstein",8610441,52079302,2014-01-24,3197,15204
Bruno,30619130,78751301,2009-07-10,1965,22460
How She Move,3957471,1462546,2008-01-25,983,4870
The Incredible Hulk,55414050,128620638,2008-06-13,2094,12085
Don 2,1673921,,2011-12-22,1580,12719
The Tree of Life,372920,41000000,2011-05-27,5393,8938
Fashion,105812,8467271,2008-10-31,3587,48773
Knowing,24604751,103635952,2009-03-20,12792,49345
"Crazy, Stupid, Love.",19104303,58500000,2011-07-29,150,1843
Cloud 9,6617,4759548,2009-08-14,268,2994
Selma,571450,,2014-12-25,4036,126764
Riddick,19030375,56312160,2013-09-06,17475,64109
Frank Miller's Sin City: A Dame to Kill For,6317683,25649812,2014-08-22,2555,10457
"Romulus, My Father",2791,2230606,2008-02-29,0,0
Kambakkht Ishq,768542,1553201,2009-07-03,3,9
The Twilight Saga: Breaking Dawn Part 2,141067634,537360640,2012-11-16,102,286
Piranha 3D,10106872,58185010,2010-08-20,118,565
Sex and the City,57038404,262606383,2008-05-30,3144,13256
Race to Witch Mountain,24402214,39214547,2009-03-13,1,3
Prom,4712638,,2011-04-29,235,1232
Alexandra,9401,325792,2008-03-26,2599,10511
Captain Phillips,25718314,111690956,2013-10-11,8712,77653
A Four Letter Word,12101,877,2008-03-28,61,444
The Way Back,1218868,17646390,2011-01-21,3945,27058
City of Ember,3129473,10056677,2008-10-10,133,340
A Nightmare on Elm Street,32902299,52589026,2010-04-30,7545,14867
The Other Woman,24763752,112870000,2014-04-25,563,2494
Sinister,18007634,29625536,2012-10-12,3575,12083
Now You See Me,29350389,234000000,2013-05-31,4087,14537
My Best Friend's Girl,8265357,22403252,2008-09-19,472,3205
The Cabin in the Woods,14743614,24412803,2012-04-13,10351,34125
Divergent,54607747,137800000,2014-03-21,655,8581
Mandela: Long Walk to Freedom,84283,19010750,2013-11-29,3733,20648
The Alphabet Killer,11000,76812,2008-11-07,850,525
One Direction: This is Us,15815497,39659524,2013-08-30,6023,45690
Antichrist,71397,387745,2009-10-23,503,2709
Alice's House,19083,131709,2008-01-25,397,853
Journey to the Center of the Earth,21018141,140290781,2008-07-11,688,2325
Donkey Punch,4744,675055,2009-01-23,8,24
Wreck-It Ralph,49038712,281800000,2012-11-02,12122,34828
The Eye,12425776,25545945,2008-02-01,12970,83345
The Hobbit: The Battle of the Five Armies,54724334,700000000,2014-12-17,19993,155434
Friday the 13th,40570365,26377032,2009-02-13,15627,34466
Soul Power,23893,47461,2009-07-10,455,1252
JCVD,20119,1871520,2008-11-07,443,3578
13B,6752,2445478,2009-03-06,366,658
Despicable Me 2,83517315,602700620,2013-07-03,4855,64133
Coraline,16849640,49310169,2009-02-06,3902,15761
The Marc Pease Experience,2641,386551,2009-08-21,0,0
The Chronicles of Narnia: Prince Caspian,55034805,278044078,2008-05-16,0,8
The Last House on the Left,14118685,12534013,2009-03-13,316,4800
Grudge Match,7021993,15100000,2013-12-25,834,1534
Woman in Gold,2091551,33694,2015-04-01,285,777
Movie 43,4805878,23598535,2013-01-25,7335,38955
Irina Palm,3474,10566211,2008-03-21,0,0
Burlesque,11947744,50079118,2010-11-24,139,622
A Most Wanted Man,2687227,14317000,2014-07-25,323,555
Wild,606810,14621185,2014-12-03,6546,159228
We Bought a Zoo,9360434,44457291,2011-12-23,64,1906
Valkyrie,21027007,117198951,2008-12-25,1558,7218
"Police, Adjective",19452,68771,2009-12-23,0,0
Revolutionary Road,189911,52314541,2008-12-26,1271,5325
A Serious Man,251337,22201566,2009-10-02,2832,11711
Law Abiding Citizen,21039502,53332999,2009-10-16,225,999
Thor: The Dark World,85737841,438421000,2013-11-08,19261,115711
Teza,8908,6029,2009-09-18,0,0
The Rite,14789393,63000000,2011-01-28,59,368
Diary of a Wimpy Kid,22126166,11696873,2010-03-19,64,271
Delhi 6,602850,12245666,2009-02-20,0,0
Every Little Step,68504,1044622,2009-04-17,2619,8424
Harry Potter and the Deathly Hallows Part 1,125017372,664300000,2010-11-19,142,664
The Young Victoria,260591,16408617,2009-12-18,389,6670
Fear,6103,372937,2008-10-22,7151,33931
The Spectacular Now,197415,,2013-08-02,2262,8601
Mother of Tears,19419,3061288,2008-06-06,111,900
The Tourist,16472458,210715032,2010-12-10,6004,54828
Gulliver's Travels,6307691,194603463,2010-12-25,57,102
The Book Thief,105005,55097835,2013-11-08,825,16750
The Smurfs,35611637,421135165,2011-07-29,3088,15107
Jack Ryan: Shadow Recruit,15451981,84933618,2014-01-17,275,1008
Il Divo,13867,11020207,2009-04-24,11,150
A Town Called Panic,2850,30667,2009-12-16,45,23
The Duchess,190426,29457347,2008-09-19,40,263
Life as We Know It,14506464,52274025,2010-10-08,8593,20977
Valentino: The Last Emperor,21762,448269,2009-03-18,3,0
Ballast,8572,2154,2008-10-01,67,206
Everlasting Moments,40443,2723929,2009-03-06,104,851
The Love Guru,13907130,8627551,2008-06-20,70,1632
Eight Miles High,1496,955128,2008-07-11,0,0
Adoration,39358,90415,2009-05-08,80,950
When in Rome,12350041,10362202,2010-01-29,718,1396
The Purge,34058360,24855512,2013-06-07,3833,23031
Pacific Rim,37285325,309200000,2013-07-12,10183,127180
The Sitter,9851435,4500862,2011-12-09,292,799
Zombieland,24733155,26801254,2009-10-02,7325,12068
Horrible Bosses 2,15457418,52200000,2014-11-26,9770,48372
Sherlock Holmes,62304277,315000000,2009-12-25,8179,24761
Main Aurr Mrs. Khanna,121134,234447,2009-10-16,0,0
I Don't Know How She Does It,4402201,20889211,2011-09-16,324,1809
Carrie,16101552,49524059,2013-10-18,13122,69034
The Vow,41202458,71100540,2012-02-10,2634,12339
Madagascar: Escape 2 Africa,63106589,423889404,2008-11-07,0,8
"Be Kind, Rewind",4050655,19401346,2008-02-22,149,646
Taken 2,49514769,236287019,2012-10-05,8805,65469
Appaloosa,248847,7454457,2008-09-19,39,222
Chelsea on the Rocks,4286,3349,2009-10-02,93,1164
Dev D,10950,4029356,2009-02-06,34,257
The Chronicles of Narnia: The Voyage of the Dawn Treader,24005069,311299267,2010-12-10,17,57
Seraphine,38637,8263264,2009-06-05,0,0
Top Five,6896593,117000,2014-12-12,447,6434
A Dangerous Method,167953,21757332,2011-11-23,539,1292
I Can't Think Straight,15239,1369,2008-11-21,2416,22165
Tyson,85046,77002,2009-04-24,6379,13696
Changeling,489015,77280454,2008-10-24,103,1084
Talaash,1638706,,2012-11-30,2,1
Bra Boys,45589,1426980,2008-04-11,887,2856
Ex Machina,250000,6224774,2015-04-10,5264,10517
"New York, I Love You",380605,6507581,2009-10-16,195,2338
Percy Jackson: Sea of Monsters,14401054,131290761,2013-08-07,498,1270
Sorority Row,5059802,15240838,2009-09-11,4,60
The Informers,300000,82174,2009-04-24,15,135
Neighbors,49033915,118000000,2014-05-09,2883,15779
The Burning Plain,58749,5267917,2009-09-18,2,5
Alice in Wonderland,116101023,691276000,2010-03-05,7033,12245
The Odd Life of Timothy Green,10822903,,2012-08-15,122,113
The Princess and the Frog,786190,162644866,2009-11-25,198,809
U2 3D,964315,12367501,2008-01-23,4,40
Hancock,62603879,396440472,2008-07-02,2040,7714
I Am Number Four,19449893,94778000,2011-02-18,214,2217
Tyler Perry's Madea Goes to Jail,41030947,,2009-02-20,55,49
Rambo,18203876,70490185,2008-01-25,2548,9639
I Served the King of England,53218,6701807,2008-08-29,0,0
Tangled,48767052,390973000,2010-11-24,3125,9179
Safe Haven,21401594,26245020,2013-02-14,487,3385
Scary Movie 5,14157367,46362957,2013-04-12,983,4872
Thoda Pyaar Thoda Magic,181610,7265611,2008-06-27,0,0
Parental Guidance,14554053,42504936,2012-12-25,44,104
A Walk Among the Tombstones,12758780,26874000,2014-09-19,312,1437
Cinderella,67877361,256000000,2015-03-13,4151,21733
My Mexican Shivah,6100,653511,2008-08-29,0,0
Looper,20801522,110020614,2012-09-28,17878,80286
Paranoid Park,29828,4058980,2008-03-07,15,25
"OSS 117: Cairo, Nest of Spies",31418,22736911,2008-05-09,45,175
The Railway Man,61845,17882455,2014-04-11,297,380
Silent House,6661234,346889,2012-03-09,137,1244
Gentlemen Broncos,11502,4810,2009-10-30,166,286
Lou Reed's Berlin,8280,81629,2008-07-18,0,0
Hoodwinked Too! Hood vs. Evil,4108630,6817189,2011-04-29,54,216
Ninja Assassin,13316158,23478397,2009-11-25,104,255
The Cold Light of Day,1831588,13100000,2012-09-07,62,140
Megamind,46016833,173469912,2010-11-05,109,860
Role Models,19167085,25086657,2008-11-07,6341,35813
The Second Best Exotic Marigold Hotel,8540370,46300000,2015-03-06,81,701
Get Smart,38683480,100366245,2008-06-20,1017,6799
The Private Lives of Pippa Lee,89950,2433585,2009-11-27,7,0
The Warrior's Way,3048665,5421229,2010-12-03,191,848
Battle for Terra,1082064,4482446,2009-05-01,58,597
My Sister's Keeper,12442212,46514645,2009-06-26,19,187
He's Just Not That Into You,27785487,84893246,2009-02-06,6943,32543
Ricky,1626,2268418,2009-12-16,5527,6317
Transformers: Age of Extinction,100038390,845966021,2014-06-27,8256,74027
Lakeview Terrace,15004672,5390131,2008-09-19,12,39
Just Go With It,30514732,111917482,2011-02-11,3374,10292
Planet B-Boy,27777,26577,2008-03-21,173,502
Mr. Peabody & Sherman,32207057,161406000,2014-03-07,745,1662
Savages,16016910,35584084,2012-07-06,3738,6282
Street Fighter: The Legend of Chun-Li,4721110,4021940,2009-02-27,63,207
Boy A,13024,1086736,2008-07-23,20345,122740
Big Man Japan,7133,9722448,2009-05-15,76,269
Couples Retreat,34286740,62639895,2009-10-09,39,108
Easy Virtue,110443,15807009,2009-05-22,6,23
The Watch,12750297,32914862,2012-07-27,5123,35914
Tooth Fairy,14010409,52440252,2010-01-22,260,2697
Bottle Shock,278075,549946,2008-08-06,22,31
Married Life,55851,1380325,2008-03-07,565,3660
Act of Valor,24476632,11259919,2012-02-24,2363,5818
She's Out of My League,9775278,17768868,2010-03-12,359,4037
A Christmas Carol,30051075,187430783,2009-11-06,4725,19394
Girl from Monaco,83755,6950168,2009-07-03,2,12
Yeh Jawaani Hai Deewani,1568677,,2013-05-31,0,1
Last Chance Harvey,97260,17672279,2008-12-25,2,0
Focus,18685137,94800000,2015-02-27,14238,103999
Brooklyn's Finest,13350299,9276608,2010-03-05,11,111
The Hangover,44979319,190161409,2009-06-05,10410,47321
The Incredible Burt Wonderstone,10177257,4900000,2013-03-15,1983,2484
Silent Hill: Revelation 3D,8023036,34773639,2012-10-26,646,888
The Quiet Ones,3880053,9325000,2014-04-25,6498,48507
Battleship,25534825,237602860,2012-05-18,6716,33538
Death at a Funeral,16217540,6311539,2010-04-16,384,2876
The Elephant King,15959,38871,2008-10-17,4943,17100
Pontypool,1541,28253,2009-05-29,210,2088
Woman on the Beach,4250,725461,2008-01-09,53,304
Teeth,29521,1992532,2008-01-18,4382,12684
The Women,10115210,23105471,2008-09-12,14821,110670
Blonde and Blonder,26470,737090,2008-01-18,0,0
Harold and Kumar Escape from Guantanamo Bay,14908404,5384395,2008-04-25,5,19
$9.99,478,655970,2008-12-12,503,4091
Johnny English Reborn,3833300,151772616,2011-10-21,112,313
My Winnipeg,14309,126106,2008-06-13,64,334
St. Vincent,109878,10490051,2014-10-10,3370,18475
Anvil! The Story of Anvil,34651,283469,2009-04-10,109,200
Unknown,21856389,67100000,2011-02-18,8701,14367
The Gambler,9129999,5490138,2014-12-25,1298,3487
The Skin I Live In,223119,27656541,2011-10-14,169,561
The Hunger Games: Catching Fire,158074286,440244916,2013-11-22,17189,90802
Beyond a Reasonable Doubt,17177,4355646,2009-09-11,390,1552
Going the Distance,6884964,24248458,2010-09-03,138,518
Won't Back Down,2603370,,2012-09-28,1494,3031
Chennai Express,2220497,,2013-08-08,4,3
Nights in Rodanthe,13418454,42524402,2008-09-26,68,163
Luck by Chance,217439,4148346,2009-01-30,820,7640
Tyler Perry's The Single Moms Club,8075111,364000,2014-03-14,0,0
"I Love You, Man",17810270,20196975,2009-03-20,3581,11799
Our Idiot Brother,7011631,,2011-08-26,99,326
Big Miracle,7760205,4561915,2012-02-03,1791,5454
Jersey Boys,13319371,20300000,2014-06-20,1013,2454
Quiet Chaos,3190,11313102,2009-06-26,12,82
Before the Rains,48159,287067,2008-05-09,3710,21404
Happy-Go-Lucky,73867,15184586,2008-10-10,227,739
White House Down,24852258,132262953,2013-06-28,772,3156
The Descendants,1190096,94659025,2011-11-16,361,2180
Star Wars: The Clone Wars,14611273,33121290,2008-08-15,787,4697
Arthur Christmas,12068931,100957003,2011-11-23,125,301
Jackass 3-D,50353641,54456100,2010-10-15,14,27
Slumdog Millionaire,360018,236590616,2008-11-12,1454,3588
Faster,8523153,12386938,2010-11-24,1298,14678
My Bloody Valentine 3-D,21241456,49188766,2009-01-16,10,31
Hercules,29800263,170700000,2014-07-25,18257,82038
The Air I Breathe,19487,2571873,2008-01-25,269,626
Confessions of a Shopaholic,15066360,64055872,2009-02-13,2,0
Crude,16595,15586,2009-09-09,4237,7192
Shrek Forever After,70838207,513864080,2010-05-21,16,36
The Town,23808032,61839874,2010-09-17,8207,127671
Transporter 3,12063452,77264487,2008-11-26,336,1240
Untraceable,11354069,23971759,2008-01-25,4,33
Amreeka,58823,1548868,2009-09-04,16,95
Rio,39225962,341015951,2011-04-15,10448,17260
Filth and Wisdom,4597,332222,2008-10-17,0,0
Bonneville,174571,850177,2008-02-29,1277,876
Fame,10011682,54756326,2009-09-25,9268,57932
How Do You Know,7484696,18456287,2010-12-17,444,4144
No Good Deed,24250283,1286783,2014-09-12,2492,22128
Before Midnight,246914,3061842,2013-05-24,3555,56190
Do Knot Disturb,124691,22452,2009-10-02,0,0
Transformers: Revenge of the Fallen,108966307,434191823,2009-06-24,523,2023
It's Complicated,22100820,106368280,2009-12-25,3781,14286
A Single Man,217332,15788890,2009-12-11,4252,11192
The Children of Huang Shi,42755,6753445,2008-05-23,0,0
Extremely Loud & Incredibly Close,72348,23400000,2011-12-25,176,1015
Endgame,1608,16615,2009-11-06,34,171
Friends with Kids,2019083,5768000,2012-03-09,370,2494
Just Another Love Story,3470,2414525,2009-01-09,647,3479
Sherlock Holmes: A Game of Shadows,39637079,358600000,2011-12-16,658,3196
A Thousand Words,6176280,3594150,2012-03-09,1600,4503
Labor Day,5175282,6904284,2014-01-31,966,17662
The Campaign,26588460,18000000,2012-08-10,19250,114749
Mammoth,4531,1810434,2009-11-20,404,1769
The Visitor,86488,8651086,2008-04-11,4074,15476
Colombiana,10408176,24300000,2011-08-26,40,382
One Missed Call,12511473,18957710,2008-01-04,333,2522
Flash of Genius,2251075,360576,2008-10-03,8,67
Dr. Seuss' The Lorax,70217070,134809816,2012-03-02,2443,5341
Sugar,60140,62314,2009-04-03,4107,7301
Hop,37543710,75868418,2011-04-01,2358,7055
London Dreams,207964,279399,2009-10-30,56,260
We're the Millers,26419396,119600000,2013-08-07,2512,8824
Justin Bieber: Never Say Never,29514054,26022917,2011-02-11,706,7612
You're Next,7020196,,2013-08-23,1023,3877
Fruitvale Station,386291,1284491,2013-07-12,964,3933
The Master,736311,11880786,2012-09-14,22077,34319
The Losers,9406348,5788291,2010-04-23,4287,21660
Mancora,7675,166372,2009-03-20,0,0
Run All Night,11012305,21500000,2015-03-13,245,903
Revanche,16330,,2009-05-01,0,0
Hell Ride,100164,176520,2008-08-08,322,2388
The Collection,3104269,,2012-11-30,14691,26610
Humpday,28737,66603,2009-07-10,22,1
Sex Tape,14608152,87526036,2014-07-18,3938,35042
Serbis,12824,90620,2009-01-30,0,0
Burn After Reading,19128001,103364722,2008-09-12,908,4492
Monte Carlo,7453944,16480896,2011-07-01,11,13
Vicky Cristina Barcelona,3755575,73192591,2008-08-15,23,146
G.I. Joe: Retaliation,40501814,253217645,2013-03-28,2140,12319
Think Like a Man,33636303,4523302,2012-04-20,2331,7854
Hugo,11364505,111905653,2011-11-23,11006,68449
Larry Crowne,13096065,36400000,2011-07-01,19,112
Vampire Academy,3921742,7600000,2014-02-07,194,754
Total Recall,25577758,139589199,2012-08-03,11299,51294
The Lovely Bones,116616,49507108,2009-12-11,371,2291
Boarding Gate,11440,496103,2008-03-21,0,0
Pineapple Express,23245025,14283463,2008-08-06,1032,5443
Jumper,27354808,142059058,2008-02-14,109,1802
Julia,12524,1268133,2009-05-08,3383,60306
Armored,6511128,6953345,2009-12-04,3454,13573
Desbocados,22997,2124,2009-02-27,0,0
The Sisterhood of the Traveling Pants 2,10678430,262453,2008-08-06,9,22
X Games 3D The Movie,837216,81313,2009-08-21,2,28
Echelon Conspiracy,500154,1520773,2009-02-27,7,15
Metallica Through the Never,1576561,4553000,2013-09-27,79,127
Lone Survivor,90872,24200000,2013-12-25,5043,24096
A Haunted House 2,8843875,6630000,2014-04-18,76,299
Sanctum,9447930,85400000,2011-02-04,489,535
The Rover,69302,1181000,2014-06-13,594,4952
The Yes Men Fix the World,1242,22635,2009-09-25,16,0
Step Brothers,30940732,27638849,2008-07-25,1556,4531
Dallas Buyers Club,260865,27900000,2013-11-01,7188,88093
Wanderlust,6526650,4162198,2012-02-24,1604,6128
Dostana,645604,16535610,2008-11-14,0,0
As Above/So Below,8632820,18914014,2014-08-29,234,1336
Cherry Blossoms,3322,12757069,2009-01-16,3,3
First Sunday,17714821,872746,2008-01-11,1112,3969
"Oye Lucky, Lucky Oye",42399,1896831,2008-11-26,1,0
Don't Be Afraid of the Dark,8525728,12946486,2011-08-26,183,435
Bedtime Stories,27450296,102772467,2008-12-25,4,21
Taken,24717037,81829579,2009-01-30,18794,145739
The Mechanic,11422006,32919000,2011-01-28,1464,7157
Turbo,21312625,199542554,2013-07-17,2044,3637
"Alexander and the Terrible, Horrible, No Good, Very Bad Day",18360230,33700000,2014-10-10,221,1661
The Roommate,15002635,3192652,2011-02-04,3144,13586
Momma's Man,11072,22950,2008-08-22,26,85
Shorts,6410339,8053342,2009-08-21,6168,18608
Meet Dave,5251918,38846825,2008-07-11,70,468
Enough Said,232800,7738000,2013-09-18,2722,21979
Bride Wars,21058173,55947951,2009-01-09,154,434
I Hate Valentine's Day,5009,3499639,2009-07-03,6,2
Ballast,8572,2154,2008-10-01,66,206
The Ides of March,10470143,35030527,2011-10-07,667,3185
The Lone Ranger,29210849,171200000,2013-07-03,3640,13206
Closed Circuit,2464931,,2013-08-28,34,195
Tyler Perry's Temptation: Confessions of a Marriage Counselor,21641679,1150000,2013-03-29,0,0
Jonas Brothers: The 3D Concert Experience,12510374,4024220,2009-02-27,0,0
Unmistaken Child,6293,63602,2009-06-03,4,11
Duplicity,13965110,37573827,2009-03-20,71,244
People Like Us,4255423,,2012-06-29,1245,11266
"10,000 B.C.",35867488,175000000,2008-03-07,2,23
Battle for Haditha,1982,235211,2008-05-07,0,0
Thirst,55889,12690363,2009-07-31,489,4122
Iron Man 2,128122480,311500000,2010-05-07,10462,34168
Kaminey,726834,577153,2009-08-14,0,1
Ender's Game,27017351,63800000,2013-11-01,18164,132274
Sixty Six,9359,1648530,2008-08-01,0,0
The Secret Life of Walter Mitty,12765508,129896484,2013-12-25,16385,39549
Dolphin Tale 2,15873397,10400000,2014-09-12,188,578
Love N Dancing,26632,26036,2009-05-08,20,100
Unstoppable,22688457,86242524,2010-11-12,4274,25615
X-Men: Days of Future Past,90823660,514200000,2014-05-23,25117,274587
Prom Night,20804941,13328526,2008-04-11,23,117
Mere Baap Pahle Aap,113576,7319847,2008-06-13,0,0
Dolphins and Whales: Tribes of the Ocean 3D,41695,1093663,2008-02-15,0,0
Despicable Me,56397125,291600000,2010-07-09,6334,63868
Public Enemies,25271675,117000000,2009-07-01,1932,13864
Tetro,30504,2334393,2009-06-11,61,33
Prometheus,51050101,276877385,2012-06-08,6675,33349
Chandni Chowk to China,629921,12517742,2009-01-16,0,0
A Perfect Getaway,5948555,7337178,2009-08-07,232,1605
Good,9508,1521975,2008-12-31,14643,196993
Broken Embraces,107111,25977355,2009-11-20,169,2457
Contraband,24349815,29734212,2012-01-13,3307,23618
My Life in Ruins,3223161,11790070,2009-06-05,2851,9658
Owl and the Sparrow,9475,123253,2009-01-16,0,0
Heroes,326425,3574237,2008-10-24,5228,23983
Bullet to the Head,4548201,,2013-02-01,1351,2091
The Witnesses,14800,2962653,2008-02-01,8462,34247
Soul Surfer,10601862,3235566,2011-04-08,4,4
Wanted,217432,54462,2009-09-18,24398,122192
The Theory of Everything,208763,84953337,2014-11-07,15484,182593
Forgetting Sarah Marshall,17725330,42000652,2008-04-18,6687,24069
Paul,13043310,60571070,2011-03-18,27853,174566
The Croods,43639736,400036243,2013-03-22,2629,57278
Priest,14953664,49172505,2011-05-13,622,4522
Monsters Vs. Aliens,59321095,183158344,2009-03-27,486,2048
Motherhood,50081,632966,2009-10-23,84,389
It Follows,160089,,2015-03-13,19568,65363
The Reader,168051,74707560,2008-12-10,4826,53396
The Legend of Hercules,8868318,42430914,2014-01-10,324,1142
That Awkward Moment,8742109,14400000,2014-01-31,180,1498
The Man with the Iron Fists,7910980,4087155,2012-11-02,3478,6085
The Book of Life,17005218,47285563,2014-10-17,5805,27492
Disaster Movie,5836973,20625923,2008-08-29,10499,52353
One Piece Movie: The Desert Princess and the Pirates Adventures in Alabasta,5791,7084304,2008-02-07,0,0
Whip It,4650812,3589672,2009-10-02,183,1447
The Express,4562675,14718,2008-10-10,3659,31875
Blended,14284031,80500000,2014-05-23,255,2210
Old Dogs,16894511,47261636,2009-11-25,489,6428
The Dark Knight,158411483,469700000,2008-07-18,4023,45908
Due Date,32689406,111241781,2010-11-05,2043,4385
The Road,1502231,19518305,2009-11-25,27956,128691
Post Grad,2651996,34710,2009-08-21,125,779
Alpha and Omega,9106906,25400000,2010-09-17,2426,11064
Your Highness,9360020,3260033,2011-04-08,939,3582
Black Nativity,3669530,435996,2013-11-27,5,0
Out of the Furnace,5220288,4104000,2013-12-04,740,1681
That's My Boy,13453714,20788004,2012-06-15,1249,13336
Rachel Getting Married,293369,3826172,2008-10-03,11,63
Orphan,12871483,35103381,2009-07-24,2168,76209
Fun Size,4101017,2007824,2012-10-26,962,71744
What's Your Number?,5421669,16415012,2011-09-30,475,8119
Dhoom 3,3423508,80000000,2013-12-20,4,14
Killing Them Softly,6812900,22904409,2012-11-30,2338,6812
Contagion,22403596,59800000,2011-09-09,2848,6706
How to Rob a Bank,109,,2008-02-08,16,280
Machete,11416164,17499670,2010-09-03,11674,21085
Che,61070,281178,2008-12-12,1390,2843
Inkheart,7601379,45146937,2009-01-23,6,120
Oceans,6058958,63229120,2010-04-22,4549,21824
Left Behind,6300147,5663000,2014-10-03,3578,24810
Cloverfield,40058229,90715593,2008-01-18,5198,17192
When the Game Stands Tall,8381509,,2014-08-22,123,434
The Expendables,34825135,171401870,2010-08-13,15061,101482
Igor,7803347,11218902,2008-09-19,3954,31540
Absurdistan,1441,73586,2009-02-06,0,0
Roadside Romeo,41770,1922819,2008-10-24,0,0
The Beaches of Agnes,19032,7392,2009-07-02,15,45
Beauty in Trouble,6460,1471868,2008-06-13,733,2660
Made of Honor,14756850,59950026,2008-05-02,1851,4659
Into The Storm,17346427,113000000,2014-08-08,370,1911
Jurassic Park 3D,18620145,71100000,2013-04-05,865,1273
Dolphin Tale,19152401,23117618,2011-09-23,284,736
The Drop,4104552,7933992,2014-09-12,16219,45877
Haywire,8425370,14430210,2012-01-20,1534,4347
Machete Kills,3837183,7000000,2013-10-11,9831,18231
Repo: The Genetic Opera,53684,41376,2008-11-07,154,600
Walking with Dinosaurs,7091938,90470397,2013-12-20,66,198
Get Him to the Greek,17570955,30287004,2010-06-04,50,313
Salt,36011243,175191986,2010-07-23,4432,108476
Footloose,15556113,11740586,2011-10-14,86,1200
Dark Matter,8701,35784,2008-04-11,5987,25861
Jane Eyre,182885,23467967,2011-03-11,50,487
Laila's Birthday,92,6852,2009-05-29,0,0
Zack and Miri Make a Porno,10065630,10647165,2008-10-31,205,475
The Counselor,7842930,54035619,2013-10-25,1515,6288
Spy Kids: All the Time in the World,11644672,47026122,2011-08-19,73,239
Glass: A Portrait of Philip in Twelve Parts,5546,12071,2008-04-18,0,0
Frankenweenie,11412213,46200000,2012-10-05,670,788
The Longest Ride,13019686,3027000,2015-04-10,80,165
Alex Cross,11396768,8700000,2012-10-19,1081,2870
Nebraska,140401,,2013-11-15,4095,53965
Brick Lane,47124,2699194,2008-06-20,8,19
Sparkle,11643342,240000,2012-08-17,454,897
Charlie Bartlett,1836256,1303287,2008-02-22,142,835
This Is 40,11579175,20514281,2012-12-21,2362,16188
Gunnin' for That #1 Spot,20355,146,2008-06-27,0,0
Evil Dead,25775847,43303096,2013-04-05,11271,17130
Red Riding Hood,14005335,51500000,2011-03-11,492,7598
The Grey,19665101,25698095,2012-01-27,23221,103436
Ramona and Beezus,7810481,1126741,2010-07-23,0,2
The House Bunny,14533702,22205551,2008-08-22,411,1419
Her,260382,21783000,2013-12-18,4302,39293
The Hundred-Foot Journey,10979290,34640000,2014-08-08,5,30
50/50,8644095,4173591,2011-09-30,21200,111027
Where the Wild Things Are,32695407,22853326,2009-10-16,1914,4150
Paranormal Activity 4,29003866,88917657,2012-10-19,301,887
Heartbeat Detector,5309,687266,2008-03-14,0,0
Meet the Spartans,18505530,46413155,2008-01-25,286,1617
The Interview,1794666,5200000,2014-12-25,34121,280196
The Flight of the Red Balloon,35222,618461,2008-04-04,0,0
Tyler Perry's Why Did I Get Married Too?,29289537,578120,2010-04-02,1,5
The Secret of the Grain,9850,14606785,2008-12-24,3,45
Vivere,2119,58033,2008-02-29,0,0
Killshot,10741,2942350,2009-01-23,437,181
Kal Kissne Dekha,13861,29423,2009-06-12,0,0
Funny People,22657780,19730190,2009-07-31,1755,27129
Katyn,11053,14605218,2009-02-18,13,31
The Monuments Men,22003433,76952415,2014-02-07,2207,3846
What Happens in Vegas,20172474,139098151,2008-05-09,111,1113
One Two Three,246724,5807195,2008-03-28,5003,40035
The Strangers,20997985,29793535,2008-05-30,11138,90869
La Boheme,30780,87990,2009-09-23,4,80
My Blueberry Nights,74146,21101602,2008-04-04,5,119
The Switch,8436713,22051181,2010-08-20,11618,32963
Under the Sea 3D,661185,1415258,2009-02-13,0,12
What to Expect When You're Expecting,10547068,43231799,2012-05-18,1420,4018
A Million Ways to Die in the West,16797385,43268783,2014-05-30,8232,56342
Mirror Mirror,18132085,118083355,2012-03-30,7418,21987
Jackass Presents: Bad Grandpa,32055177,49828518,2013-10-25,1965,15396
Captain America: The First Avenger,65058524,193915269,2011-07-22,4392,6682
George A. Romero's Diary of the Dead,232576,4405897,2008-02-15,0,4
The Rocker,2636048,2357810,2008-08-20,68,1551
In Time,12050368,136410501,2011-10-28,8901,127737
The Imitation Game,479352,127156278,2014-11-28,18362,196910
RoboCop,21681430,184081958,2014-02-12,9561,94783
Not Quite Hollywood,4694,159805,2009-07-31,2754,11533
The Debt,9909499,14458820,2011-08-31,720,3492
Jack the Giant Slayer,27202226,132500000,2013-03-01,3247,33003
Drive Angry,5187625,18210368,2011-02-25,616,4212
Where in the World Is Osama Bin Laden?,148698,266823,2008-04-18,13,140
One For the Money,11515790,10479194,2012-01-27,6448,31673
Project Almanac,8310252,9900000,2015-01-30,270,1300
A Christmas Tale,63837,6295471,2008-11-14,3749,15306
MacGruber,4043495,797295,2010-05-21,1728,5887
The Last Mistress,33554,1045906,2008-06-27,14,46
The Last Airbender,40325019,187941694,2010-07-01,1971,10666
Rock of Ages,14437269,20900000,2012-06-15,1724,8202
Killer Elite,9352008,31258790,2011-09-23,49,194
300: Rise of An Empire,45038460,231000000,2014-03-07,4397,11187
Tropic Thunder,25812796,77557336,2008-08-13,2056,13436
88 Minutes,6957216,15379918,2008-04-18,310,1527
Nanny McPhee Returns,8407685,64239906,2010-08-20,0,0
The Pirates! Band of Misfits,11137734,92002915,2012-04-27,1564,3868
Fast and Furious,70950500,208100000,2009-04-03,21043,126331
The Raven,7289642,13649479,2012-04-27,3327,68214
Dredd,6278491,22211811,2012-09-21,14312,56908
Grown Ups,40506562,109429003,2010-06-25,4691,25713
Guardians of the Galaxy,94320883,441000000,2014-08-01,26210,342307
Taking Woodstock,3457760,2515533,2009-08-26,11,76
Up in the Air,1181450,83019358,2009-12-04,3879,44092
Up the Yangtze,15851,245242,2008-04-25,0,0
Ghost Rider: Spirit of Vengeance,22115334,80789928,2012-02-17,4569,11471
Transylmania,263941,,2009-12-04,0,0
Death Race,12621090,39361483,2008-08-22,1078,4937
Lockout,6231836,17877166,2012-04-13,1429,4594
The Nut Job,19423000,49056421,2014-01-17,153,699
Henry Poole Is Here,805219,71631,2008-08-15,0,0
Savage Grace,22311,997053,2008-05-28,6,21
Imagine That,5503519,6861871,2009-06-12,11936,45804
Standard Operating Procedure,14108,95100,2008-04-25,0,0
Blood: The Last Vampire,110029,5617118,2009-07-10,1164,4662
Nine,257232,34321841,2009-12-18,13600,72002
Beaufort,6808,153189,2008-01-18,0,0
On the Rumba River,1156,4323,2008-06-06,0,0
Bolt,26223128,195926415,2008-11-21,1400,60574
Year One,19610304,19020621,2009-06-19,7820,45045
Zero Dark Thirty,417150,37100000,2012-12-19,7638,75693
Foxcatcher,270877,,2014-11-14,10468,137296
Caramel,71916,13193169,2008-02-01,7,197
Here Comes the Boom,11816596,27809854,2012-10-12,98,952
Hotel Transylvania,42522194,210062555,2012-09-28,394,1020
Winnie the Pooh,7857076,6460000,2011-07-15,1859,10276
The Big Year,3251884,244247,2011-10-14,3283,15129
Leap Year,9202815,6688396,2010-01-08,150,330
24 City,6082,365244,2009-06-05,5679,14883
Under the Same Moon,2769655,10721244,2008-03-19,478,2524
Night at the Museum: Secret of the Tomb,17100520,248416203,2014-12-19,318,837
WALL-E,63087526,297503696,2008-06-27,7882,25520
Abraham Lincoln: Vampire Hunter,16306974,78952441,2012-06-22,3062,14920
Country Strong,30452,310273,2010-12-22,693,3052
Chernobyl Diaries,7955307,19038008,2012-05-25,109,882
Dumb and Dumber To,36111775,83629000,2014-11-14,20859,98268
The Best Exotic Marigold Hotel,737051,90424115,2012-05-04,89,764
Surrogates,14902692,83867000,2009-09-25,401,4652
Midnight in Paris,599003,94302174,2011-05-20,2616,7559
The Lucky Ones,183088,20600,2008-09-26,3409,11022
Everybody's Fine,3852068,7234733,2009-12-04,181,838
My Week with Marilyn,1750507,20457349,2011-11-23,21,14
The Great Gatsby,50085185,206200000,2013-05-10,15038,63237
The Limits of Control,55820,1539883,2009-05-01,63,511
Frozen River,70234,2902807,2008-08-01,161,90
Red Tails,18782154,489000,2012-01-20,1651,5332
District 9,37354308,95173376,2009-08-14,8513,31236
Toy Story 3,110307189,648167031,2010-06-18,13534,37051
Wake Up Sid,355532,3559315,2009-10-02,2,1
La Riviere aux Castors,65035,1230211,2008-02-22,0,0
Miss March,2409156,48309,2009-03-13,303,1394
World War Z,66411834,337648165,2013-06-21,12033,83359
Doomsday,4926565,11202656,2008-03-14,1264,12529
The Wolf of Wall Street,18361578,275100000,2013-12-25,27673,139934
The Sorcerer's Apprentice,17619622,152132751,2010-07-14,1381,2716
Free Style,97764,575247,2009-10-09,707,5002
Luck,112309,259865,2009-07-24,6376,40576
Mad Detective,2682,2156161,2008-07-18,0,59
The International,9331739,34710864,2009-02-13,21834,85062
Star Trek,75204289,127950427,2009-05-08,16636,84158
Gigantic,10294,63184,2009-04-03,361,3241
Snow Angels,14247,11546,2008-03-07,117,949
Mister Lonely,16769,226417,2008-05-02,60,406
Mr. Popper's Penguins,18445355,119137302,2011-06-17,213,277
Bhoothnath,330246,12760785,2008-05-09,0,0
The Fourth Kind,12231160,22223153,2009-11-06,141,1599
Samsara,76222,,2012-08-24,2760,1309
Penguins of Madagascar,25447444,290201183,2014-11-26,2681,13525
Texas Chainsaw 3D,21744470,12900000,2013-01-04,416,1422
Avatar,77025481,2027457462,2009-12-18,7862,63710
Final Destination 5,18031396,115300000,2011-08-12,94,418
What If,133898,4354000,2014-08-08,10117,81047
Red,21761408,108626225,2010-10-15,24578,148170
American Reunion,21514080,177978063,2012-04-06,2877,14729
Mud,2215891,,2013-04-26,5826,18590
Green Zone,14309295,59828889,2010-03-12,27,244
Tokyo!,23030,838803,2009-03-06,5849,9641
Conviction,102351,2926926,2010-10-15,2794,18695
Gomorrah,5532,33282383,2008-12-19,73,553
Tuya's Marriage,2619,2388618,2008-04-04,0,0
The Proposal,33627598,153417000,2009-06-19,408,2393
The Five-Year Engagement,10610060,25074223,2012-04-27,1419,3899
Hit and Run,4526222,704054,2012-08-22,1382,4054
Beastly,9851102,15300000,2011-03-04,88,404
You Don't Mess with the Zohan,38531374,99917174,2008-06-06,19,146
Heavy Metal in Baghdad,2012,2127,2008-05-23,0,0
Miracle at St. Anna,3477996,1404716,2008-09-26,8,29
You Again,8407513,6303195,2010-09-24,652,13762
Five Minutes of Heaven,5364,72230,2009-08-21,3,12
Ted,54415205,330552828,2012-06-29,10427,39973
Daytime Drinking,389,132064,2009-06-05,6,42
Away We Go,130411,5447471,2009-06-05,3499,26883
The Next Three Days,6542779,46300000,2010-11-19,121,853
The Adventures of Tintin,9720993,296402120,2011-12-21,1954,4234
Earth to Echo,8364658,6401862,2014-07-02,192,925
Trouble the Water,28606,2615,2008-08-22,134,426
"The Way, Way Back",552788,1692106,2013-07-05,3947,27058
Bridesmaids,26247410,119276798,2011-05-13,585,4186
Good Dick,5036,12329,2008-10-10,90,942
Race,802254,23067064,2008-03-21,7058,73117
Captain America: The Winter Soldier,95023721,455000000,2014-04-04,22833,102271
Wish I Was Here,484401,1892000,2014-07-18,7790,36835
Our Family Wedding,7629862,1153747,2010-03-12,13,34
The Bounty Hunter,20686423,69272294,2010-03-19,334,1147
Timecrimes,4351,514071,2008-12-12,448,2319
The Life Before Her Eyes,20220,6945051,2008-04-18,2193,5859
The Maid,17036,1056397,2009-10-16,312,538
Stand Up Guys,1486390,,2013-02-01,820,3230
Bad Lieutenant: Port of Call New Orleans,245398,8886990,2009-11-20,237,747
God's Not Dead,9217013,1875000,2014-03-21,287,3539
Warrior,5242107,9400000,2011-09-09,6607,12872
Cheri,405701,6650570,2009-06-26,276,769
The Three Musketeers,8674452,111900000,2011-10-21,1923,5195
Free Birds,15805237,54636592,2013-11-01,116,544
Sunshine Cleaning,219190,4517692,2009-03-13,10,75
Tower Heist,24025190,74884053,2011-11-04,50,512
Summer Palace,8717,79982,2008-01-18,108,1004
Kenny,3857,6662831,2008-06-20,1065,25319
Marley and Me,36357586,99563362,2008-12-25,108,1569
The Social Network,22445653,127957621,2010-10-01,9378,26227
Ride Along,41516170,19059619,2014-01-17,970,2638
Beautiful Creatures,7582595,40600000,2013-02-14,258,849
I Love You Beth Cooper,4919433,1021182,2009-07-10,18,45
Goal 2: Living the Dream,150098,7639838,2008-08-29,155,2404
The Devil Inside,33732515,48496546,2012-01-06,1590,5144
Were the World Mine,864,,2008-10-31,180,1617
Red 2,18048422,94813005,2013-07-19,6213,21983
Step Up Revolution,11731708,105396069,2012-07-27,104,341
Take Me Home Tonight,3464679,,2011-03-04,198,416
Brothers,9527848,14774192,2009-12-04,17926,66680
The Twilight Saga: Eclipse,64832191,397959596,2010-06-30,193,277
Defiance,123513,22510406,2008-12-31,161,808
While We're Young,227688,,2015-03-27,347,1080
Poultrygeist: Night of the Chicken Dead,10624,8819,2008-05-09,17,45
Land of the Lost,18837350,19339184,2009-06-05,440,7350
The Boy Next Door,14910105,12642699,2015-01-23,248,886
Edge of Darkness,17214384,37810239,2010-01-29,109,812
The Secret Life of Bees,10527799,2177160,2008-10-17,2,0
Night at the Museum: Battle of the Smithsonian,54173286,235862449,2009-05-22,16,497
The Damned United,32065,3641513,2009-10-09,64,881
The X-Files: I Want to Believe,10021753,47386956,2008-07-25,13,57
Sex Drive,3607164,10353451,2008-10-17,229,1993
Gangster Squad,17070347,59200000,2013-01-11,4166,17145
Seventh Son,7217640,93400000,2015-02-06,1855,5724
Dream House,8129355,17200000,2011-09-30,500,10372
Reprise,49060,742434,2008-05-16,8922,32567
Immortals,32206425,143400000,2011-11-11,1497,4049
Christmas in Wonderland,689,693820,2008-01-25,1323,2365
Choke,1319286,1055894,2008-09-26,401,4559
Cats & Dogs: The Revenge of Kitty Galore,12279363,68898011,2010-07-30,6,10
3 Days to Kill,12242218,21900000,2014-02-21,206,713
Love and Honor,5234,33694664,2008-05-02,176,370
Daddy Cool,14319,4750,2009-08-28,25,687
Shutter,10447559,21950860,2008-03-21,4915,20103
American Sniper,633456,193400000,2014-12-25,19298,147704
Mera Pind,176976,,2008-09-05,0,0
Cop Out,18211126,10708323,2010-02-26,5369,35746
Gran Torino,271720,121862926,2008-12-12,4932,22172
Paris,46518,22318324,2009-09-18,10993,29922
Gonzo,191942,239858,2008-07-04,9881,24115
Kick-Ass 2,13332955,32000000,2013-08-16,16791,73255
Glee The 3D Concert Movie,5961231,6800840,2011-08-12,0,6
The Dark Knight Rises,160887295,636300000,2012-07-20,3965,58934
Birdman,424397,59586008,2014-10-17,20600,118726
The Fall,79611,1402560,2008-05-09,17509,56446
Beverly Hills Chihuahua,29300465,54767204,2008-10-03,19,248
Transsiberian,34615,3720005,2008-07-18,1,88
30 Minutes or Less,13330118,3493516,2011-08-12,973,3413
Noise,3687,421,2008-05-09,6960,35646
Brideshead Revisited,339616,7018930,2008-07-25,0,0
Jobs,6713900,19800000,2013-08-16,22681,104784
Need for Speed,17844939,159700000,2014-03-14,3235,40244
Ponyo,3585852,186660538,2009-08-14,2291,4133
Pirates of the Caribbean: On Stranger Tides,90151958,804642000,2011-05-20,154,1968
Just Wright,8284989,29900,2010-05-14,4907,22374
Letters to Juliet,13540486,26149297,2010-05-14,82,282
This is the End,20719162,24571120,2013-06-12,19902,89129
"Louise Bourgeois: The Spider, The Mistress and the Tangerine",9220,578,2008-06-25,0,0
The Divergent Series: Insurgent,52263680,135300000,2015-03-20,183,5031
Hellboy II: The Golden Army,34539115,84401560,2008-07-11,33,384
The Purge: Anarchy,29816675,38640199,2014-07-18,565,6110
Mumbai Meri Jaan,13588,1186636,2008-08-22,0,0
Dil Bole Hadippa!,351457,484165,2009-09-18,0,0
The Change-Up,13531115,38368962,2011-08-05,2039,16809
Dance Flick,10643536,5776985,2009-05-22,35,186
Encounters at the End of the World,17730,260531,2008-06-11,571,2258
Straw Dogs,5123760,,2011-09-16,325,1771
What Just Happened?,192508,5619941,2008-10-17,2959,27170
The Help,26044590,46931000,2011-08-10,9060,63916
Then She Found Me,72594,4697331,2008-04-25,103,671
Lola Montes,12569,160008,2008-10-10,3,19
Four Christmases,31069826,43587657,2008-11-26,5,22
Scott Pilgrim vs. the World,10609795,16140284,2010-08-13,12087,71785
God Tussi Great Ho,121432,2753072,2008-08-15,0,0
Premium Rush,6030164,10808153,2012-08-24,2100,8964
Date Night,25207599,53552476,2010-04-09,4945,8929
Crank: High Voltage,6963565,20876328,2009-04-17,84,295
Limitless,18907302,82600000,2011-03-18,287,5054
The Loft,2747342,,2015-01-30,84,274
American Hustle,740455,101054000,2013-12-13,15405,104987
Dead Snow,5363,1937920,2009-06-19,2444,3277
A Good Day to Die Hard,24834845,237304984,2013-02-14,4701,8702
Sucker Punch,19058199,53400000,2011-03-25,2097,9027
Fast & Furious 6,97375245,550000000,2013-05-24,7562,62517
Hunger,1980,2570390,2008-12-05,16024,126741
Observe and Report,11017334,2966230,2009-04-10,1117,7672
Singh Is Kinng,1154528,27010301,2008-08-07,0,0
Patti Smith: Dream of Life,9993,50195,2008-08-06,0,0
Shine a Light,1488081,10268084,2008-04-04,63,356
Million Dollar Arm,10515659,1850000,2014-05-16,217,1151
Underworld: Rise of the Lycans,20828511,45551186,2009-01-23,75,1728
Finding Amanda,31340,20113,2008-06-27,0,0
The Best of Me,10003827,9160000,2014-10-17,6724,74410
Water for Elephants,16842353,58385185,2011-04-22,66,85
Taxi to the Dark Side,10930,19648,2008-01-18,462,1746
How to Lose Friends and Alienate People,1430294,16373045,2008-10-03,4,2
Blue Valentine,193728,2649406,2010-12-29,462,5091
Run Fat Boy Run,2340743,27460260,2008-03-28,154,809
A Bloody Aria,249,587423,2008-01-04,0,0
The Karate Kid,55665805,182534404,2010-06-11,445,2678
Philomena,128435,62419893,2013-11-22,2385,57085
This is Where I Leave You,11558149,6700000,2014-09-19,430,1533
Letters to God,1088873,60315,2010-04-09,629,1973
The Mutant Chronicles,4724,2124237,2009-04-24,14,13
XXY,3241,2680535,2008-05-02,1,10
The Woman in Black,20874072,73397446,2012-02-03,2376,9075
Tyler Perry's Madea's Big Happy Family,25068677,816000,2011-04-22,0,0
The Bling Ring,214395,13300000,2013-06-14,673,1795
The Last Stand,6281433,36280458,2013-01-18,1861,17349
Tera Mera Ki Rishta,108741,73121,2009-04-10,0,0
Saw V,30053954,57117290,2008-10-24,2180,10889
Maleficent,69431298,517000000,2014-05-30,17208,56604
The Boxtrolls,17275239,57418465,2014-09-26,8613,126875
W.,10505668,3971971,2008-10-17,22832,91804
Horrible Bosses,28302165,92100000,2011-07-08,11360,53169
Vexille,3227,1167092,2008-02-14,3,35
Stuck,8844,83944,2008-05-30,6724,80550
Source Code,14812094,92620470,2011-04-01,1342,4979
My Soul to Take,6842220,6231967,2010-10-08,233,1097
Pitch Perfect,5149433,48040982,2012-09-28,6087,20614
Eagle Eye,29150721,76625826,2008-09-26,58,444
The Mummy: Tomb of the Dragon Emperor,40457770,298636863,2008-08-01,39,865
The Smurfs 2,17548389,276527576,2013-07-31,2472,14819
Get Hard,33803253,13400000,2015-03-27,13465,67779
Expired,6596,35207,2008-06-20,5389,22134
9,10740446,16678169,2009-09-09,16686,57619
Annie,15861939,48700000,2014-12-19,13076,62526
Stop-Loss,4555117,291386,2008-03-28,626,3107
A Thousand Years of Good Prayers,10321,1588779,2008-09-19,0,0
Diminished Capacity,11832,2060,2008-07-04,0,0
Sangre de Mi Sangre,8385,509294,2008-05-14,0,0
Man of Steel,116619362,377000000,2013-06-14,12907,157240
Devil,12289375,29094299,2010-09-17,1874,11231
Mortdecai,4200586,22722426,2015-01-23,1121,10945
Towelhead,52823,303538,2008-09-12,0,0
Pride & Glory,6262396,15407607,2008-10-24,17,164
Days and Clouds,16707,6854122,2008-07-11,116,552
Promised Land,173915,540890,2012-12-28,313,454
Prisoners,20817053,61124385,2013-09-20,5744,20758
Mars Needs Moms,6914488,17600000,2011-03-11,118,466
Hannah Montana The Movie,32324487,75969090,2009-04-10,6,3
Fados,10823,444894,2009-03-06,0,0
Hot Tub Time Machine,14020502,14284706,2010-03-26,7756,55384
Clash of the Titans,61235105,330000105,2010-04-02,1196,4852
Zookeeper,20065617,89491916,2011-07-08,730,2549
Tim Burton's The Nightmare Before Christmas in 3-D,398411,1230799,2008-10-24,0,0
My Brother Is an Only Child,9357,12626488,2008-03-28,145,500
Priceless,116308,25784462,2008-03-30,2808,11482
Journey 2: The Mysterious Island,27335363,231400000,2012-02-10,1434,4544
Next Day Air,4111043,145472,2009-05-08,2452,6607
High School Musical 3: Senior Year,42030184,162349761,2008-10-24,2,0
The Twilight Saga: Breaking Dawn Part 1,138122261,430884723,2011-11-18,58,224
Iron Man,98618668,266762121,2008-05-02,4369,56525
Funny Games,544833,6643953,2008-03-14,2122,15065
Life Partner,49898,347100,2009-08-14,505,2156
Fool's Gold,21589295,41000000,2008-02-08,403,2674
Cirque Du Soleil: Worlds Away,2162993,21640239,2012-12-21,15,5
Home,226,7704,2009-04-23,9351,42477
My Name is Khan,1944027,38326589,2010-02-12,243,1582
La Leon,940,25607,2008-10-10,192,1056
Wendy and Lucy,18218,326960,2008-12-10,0,0
Semi-Pro,15075114,10405206,2008-02-29,27,122
Seven Psychopaths,4174915,4398212,2012-10-12,2623,7130
Shutter Island,41062440,166791261,2010-02-19,4958,19573
Inherent Vice,328184,3000000,2014-12-12,15338,27881
The Killing of John Lennon,3077,46142,2008-01-02,135,151
The Heat,39115043,70348583,2013-06-28,9363,55975
It's Kind of a Funny Story,2013406,127612,2010-10-08,782,6132
Drillbit Taylor,10309986,16828521,2008-03-21,0,12
Mamma Mia!,27751240,465711574,2008-07-18,7,21
Lincoln,944308,93085477,2012-11-09,16091,57966
Nitro Circus the Movie 3D,1183701,525861,2012-08-08,1,2
The Last Exorcism Part II,7728354,,2013-03-01,5,20
17 Again,23722310,72100407,2009-04-17,348,4753
Cloudy with a Chance of Meatballs 2,34017930,154532382,2013-09-27,663,1335
Kung Fu Panda 2,47656302,500443218,2011-05-26,1641,3745
Milk,1453844,22745285,2008-11-26,1626,6972
Tyler Perry's I Can Do Bad All By Myself,23446785,,2009-09-11,0,0
How to Train Your Dragon 2,49451322,441907011,2014-06-13,16393,170502
The Men Who Stare at Goats,12706654,36540493,2009-11-06,191,630
Bronson,10940,2155733,2009-10-09,6833,5854
Bright Star,189703,9906308,2009-09-16,291,1386
The Informant!,10464314,8454347,2009-09-18,271,1202
Kabluey,7373,13157,2008-07-04,2,-1
The Host,10600112,36700000,2013-03-29,10011,54448
Deliver Us From Evil,9740471,57360693,2014-07-02,412,858
To Rome with Love,361359,56559014,2012-06-22,108,269
Babies,2160460,2175039,2010-05-07,15084,87482
The Judge,13116226,36600000,2014-10-10,17462,41800
The Band's Visit,67492,11501427,2008-02-08,30,163
The Wolverine,53113752,282271394,2013-07-26,18301,89305
Pandorum,4424126,10314474,2009-09-25,583,7341
Bab'Aziz - The Prince Who Contemplated His Soul,3286,263447,2008-02-08,0,0
Let Me In,5147479,12010678,2010-10-01,14768,141458
Silver Linings Playbook,443003,104319495,2012-11-16,3023,60089
Casa De Mi Padre,2287239,2132184,2012-03-16,155,272
Ben X,904,2742813,2008-10-24,4172,34762
Moonrise Kingdom,522996,22750700,2012-05-25,2271,5452
O'Horten,24938,1476559,2009-05-22,0,0
ParaNorman,14087050,51136348,2012-08-17,3549,77797
Sin Nombre,81446,2565091,2009-03-20,59,310
The Perks of Being a Wallflower,228359,15641179,2012-09-21,942,10647
The Duchess of Langeais,22251,700046,2008-02-22,0,0
College Road Trip,13601419,5939249,2008-03-07,209,718
12 Rounds,5329240,5045632,2009-03-27,400,3306
Shark Night 3D,8404260,21259326,2011-09-02,26,23
How to Train Your Dragon,43732319,277297528,2010-03-26,19908,159982
Treeless Mountain,5014,63687,2009-04-22,0,0
The Conspirator,3506602,3940596,2011-04-15,1883,3488
Valentine's Day,56260707,106000000,2010-02-12,443,3176
Dark Shadows,29685274,165800000,2012-05-11,1325,7047
Magic Mike,39127170,53500000,2012-06-29,376,2209
G.I. Joe: The Rise of Cobra,54713046,152267519,2009-08-07,30,551
The Foot Fist Way,36391,11006,2008-05-30,12,58
Skyline,11692415,45427416,2010-11-12,6947,6429
"War, Inc.",35336,715322,2008-05-23,130,1289
The Three Stooges,17010125,10481077,2012-04-13,2123,5142
Saw VI,14118444,40540337,2009-10-23,1302,5113
Saving Mr. Banks,413373,29243000,2013-12-13,2341,18482
The Bank Job,5935256,34762136,2008-03-07,135,483
Australia,14800723,161788219,2008-11-26,7784,13240
The Song of Sparrows,7863,103988,2009-04-03,0,0
The Pink Panther 2,11588150,40023637,2009-02-06,322,936
State of Play,14071280,50794416,2009-04-17,121,841
The Grocer's Son,10587,4830607,2008-06-06,0,0
The Imaginarium of Doctor Parnassus,415233,54119168,2009-12-25,1119,2259
Brave,66323594,301700000,2012-06-22,9582,34470
All About Steve,11241214,6242639,2009-09-04,3486,13837
Greenberg,118152,1919797,2010-03-19,355,1460
Elysium,29807393,193090583,2013-08-09,20142,72317
The Dilemma,17816230,21246676,2011-01-14,315,2348
Kung Fu Panda,60239130,416309969,2008-06-06,1787,5446
Home,52107731,112693917,2015-03-27,9366,42477
Interstellar,47510360,484700000,2014-11-05,20769,394250
John Wick,14415922,35702062,2014-10-24,30296,177337
Traitor,7868465,4133342,2008-08-27,56,287
Cyrus,181716,2454919,2010-06-18,141,1104
One Day,5079566,45545662,2011-08-19,16237,149155
Of Time and the City,5595,490740,2009-01-21,7569,18731
Blindness,1950260,16493228,2008-10-03,370,2320
Jodhaa Akbar,1300000,23449636,2008-02-15,31,656
12,12042,7412333,2009-03-04,20216,121462
The Girlfriend Experience,162965,312122,2009-05-22,606,5644
Brick Mansions,9516855,48500000,2014-04-25,208,371
Drona,199329,5001300,2008-10-02,0,0
If I Stay,15679190,27800000,2014-08-22,395,1836
Cirque du Freak: The Vampire's Assistant,6293205,25362598,2009-10-23,2,7
The Equalizer,34137828,90800000,2014-09-26,2252,11498
Youth in Revolt,6888334,4369807,2010-01-08,143,780
The Hunger Games: Mockingjay - Part 1,121897634,414964344,2014-11-21,5803,43695
Transcendence,10886386,80016949,2014-04-18,2232,11352
Space Chimps,7181374,34728996,2008-07-18,1,10
Not Easily Broken,5314278,154167,2009-01-09,146,373
Young Adult,310263,6627456,2011-12-09,978,5493
Dark Skies,8189166,9003080,2013-02-22,140,1603
"Big Mommas: Like Father, Like Son",16300803,44770652,2011-02-18,72,225
Bad Teacher,31603106,115904636,2011-06-24,224,543
Paddington,18966676,178246141,2015-01-16,1098,1917
Kingsman: The Secret Service,36206331,267535571,2015-02-13,9193,60960
The Apparition,2841488,4690673,2012-08-24,219,761
Passengers,172544,5494715,2008-10-24,220,1537
